gameId,gameDate,gameDateTime,homeTeamCode,awayTeamCode,statusCode,cancel,suspended,roundCode,timeTbd
20250322HHKT02025,2025-03-22,2025-03-22T14:00:00,KT,HH,RESULT,False,False,kbo_r,False
20250322LTLG02025,2025-03-22,2025-03-22T14:00:00,LG,LT,RESULT,False,False,kbo_r,False
20250322NCHT02025,2025-03-22,2025-03-22T14:00:00,HT,NC,RESULT,False,False,kbo_r,False
20250322OBSK02025,2025-03-22,2025-03-22T14:00:00,SK,OB,RESULT,False,False,kbo_r,False
20250322WOSS02025,2025-03-22,2025-03-22T14:00:00,SS,WO,RESULT,False,False,kbo_r,False
20250323HHKT02025,2025-03-23,2025-03-23T14:00:00,KT,HH,RESULT,False,False,kbo_r,False
20250323LTLG02025,2025-03-23,2025-03-23T14:00:00,LG,LT,RESULT,False,False,kbo_r,False
20250323NCHT02025,2025-03-23,2025-03-23T14:00:00,HT,NC,RESULT,False,False,kbo_r,False
20250323OBSK02025,2025-03-23,2025-03-23T14:00:00,SK,OB,RESULT,False,False,kbo_r,False
20250323WOSS02025,2025-03-23,2025-03-23T14:00:00,SS,WO,RESULT,False,False,kbo_r,False
20250325HHLG02025,2025-03-25,2025-03-25T18:30:00,LG,HH,RESULT,False,False,kbo_r,False
20250325LTSK02025,2025-03-25,2025-03-25T18:30:00,SK,LT,RESULT,False,False,kbo_r,False
20250325NCSS02025,2025-03-25,2025-03-25T18:30:00,SS,NC,RESULT,False,False,kbo_r,False
20250325OBKT02025,2025-03-25,2025-03-25T18:30:00,KT,OB,RESULT,False,False,kbo_r,False
20250325WOHT02025,2025-03-25,2025-03-25T18:30:00,HT,WO,RESULT,False,False,kbo_r,False
20250326HHLG02025,2025-03-26,2025-03-26T18:30:00,LG,HH,RESULT,False,False,kbo_r,False
20250326LTSK02025,2025-03-26,2025-03-26T18:30:00,SK,LT,RESULT,False,False,kbo_r,False
20250326NCSS02025,2025-03-26,2025-03-26T18:30:00,SS,NC,RESULT,False,False,kbo_r,False
20250326OBKT02025,2025-03-26,2025-03-26T18:30:00,KT,OB,RESULT,False,False,kbo_r,False
20250326WOHT02025,2025-03-26,2025-03-26T18:30:00,HT,WO,RESULT,False,False,kbo_r,False
20250327HHLG02025,2025-03-27,2025-03-27T18:30:00,LG,HH,RESULT,False,False,kbo_r,False
20250327LTSK02025,2025-03-27,2025-03-27T18:30:00,SK,LT,RESULT,False,False,kbo_r,False
20250327NCSS02025,2025-03-27,2025-03-27T18:30:00,SS,NC,RESULT,False,False,kbo_r,False
20250327OBKT02025,2025-03-27,2025-03-27T18:30:00,KT,OB,RESULT,False,False,kbo_r,False
20250327WOHT02025,2025-03-27,2025-03-27T18:30:00,HT,WO,RESULT,False,False,kbo_r,False
20250328HTHH02025,2025-03-28,2025-03-28T18:30:00,HH,HT,RESULT,False,False,kbo_r,False
20250328KTLT02025,2025-03-28,2025-03-28T18:30:00,LT,KT,RESULT,False,False,kbo_r,False
20250328LGNC02025,2025-03-28,2025-03-28T18:30:00,NC,LG,RESULT,False,False,kbo_r,False
20250328SKWO02025,2025-03-28,2025-03-28T18:30:00,WO,SK,RESULT,False,False,kbo_r,False
20250328SSOB02025,2025-03-28,2025-03-28T18:30:00,OB,SS,RESULT,False,False,kbo_r,False
20250329HTHH02025,2025-03-29,2025-03-29T14:00:00,HH,HT,RESULT,False,False,kbo_r,False
20250329KTLT02025,2025-03-29,2025-03-29T17:00:00,LT,KT,RESULT,False,False,kbo_r,False
20250329LGNC02025,2025-03-29,2025-03-29T17:00:00,NC,LG,RESULT,False,False,kbo_r,False
20250329SKWO02025,2025-03-29,2025-03-29T14:00:00,WO,SK,RESULT,False,False,kbo_r,False
20250329SSOB02025,2025-03-29,2025-03-29T17:00:00,OB,SS,RESULT,False,False,kbo_r,False
20250330HTHH02025,2025-03-30,2025-03-30T14:00:00,HH,HT,RESULT,False,False,kbo_r,False
20250330KTLT02025,2025-03-30,2025-03-30T14:00:00,LT,KT,RESULT,False,False,kbo_r,False
20250330LGNC02025,2025-03-30,2025-03-30T14:00:00,NC,LG,BEFORE,True,False,kbo_r,False
20250330SKWO02025,2025-03-30,2025-03-30T14:00:00,WO,SK,RESULT,False,False,kbo_r,False
20250330SSOB02025,2025-03-30,2025-03-30T14:00:00,OB,SS,RESULT,False,False,kbo_r,False
20250401LGKT02025,2025-04-01,2025-04-01T18:30:00,KT,LG,BEFORE,True,False,kbo_r,False
20250401LTHH02025,2025-04-01,2025-04-01T18:30:00,HH,LT,BEFORE,True,False,kbo_r,False
20250401SKNC02025,2025-04-01,2025-04-01T18:30:00,NC,SK,BEFORE,True,False,kbo_r,False
20250401SSHT02025,2025-04-01,2025-04-01T18:30:00,HT,SS,BEFORE,True,False,kbo_r,False
20250401WOOB02025,2025-04-01,2025-04-01T18:30:00,OB,WO,BEFORE,True,False,kbo_r,False
20250402LGKT02025,2025-04-02,2025-04-02T18:30:00,KT,LG,RESULT,False,False,kbo_r,False
20250402LTHH02025,2025-04-02,2025-04-02T18:30:00,HH,LT,RESULT,False,False,kbo_r,False
20250402SKNC02025,2025-04-02,2025-04-02T18:30:00,NC,SK,BEFORE,True,False,kbo_r,False
20250402SSHT02025,2025-04-02,2025-04-02T18:30:00,HT,SS,RESULT,False,False,kbo_r,False
20250402WOOB02025,2025-04-02,2025-04-02T18:30:00,OB,WO,RESULT,False,False,kbo_r,False
20250403LGKT02025,2025-04-03,2025-04-03T18:30:00,KT,LG,RESULT,False,False,kbo_r,False
20250403LTHH02025,2025-04-03,2025-04-03T18:30:00,HH,LT,RESULT,False,False,kbo_r,False
20250403SKNC02025,2025-04-03,2025-04-03T18:30:00,NC,SK,BEFORE,True,False,kbo_r,False
20250403SSHT02025,2025-04-03,2025-04-03T18:30:00,HT,SS,RESULT,False,False,kbo_r,False
20250403WOOB02025,2025-04-03,2025-04-03T18:30:00,OB,WO,RESULT,False,False,kbo_r,False
20250404HHSS02025,2025-04-04,2025-04-04T18:30:00,SS,HH,RESULT,False,False,kbo_r,False
20250404HTLG02025,2025-04-04,2025-04-04T18:30:00,LG,HT,RESULT,False,False,kbo_r,False
20250404KTSK02025,2025-04-04,2025-04-04T18:30:00,SK,KT,RESULT,False,False,kbo_r,False
20250404NCWO02025,2025-04-04,2025-04-04T18:30:00,WO,NC,RESULT,False,False,kbo_r,False
20250404OBLT02025,2025-04-04,2025-04-04T18:30:00,LT,OB,RESULT,False,False,kbo_r,False
20250405HHSS02025,2025-04-05,2025-04-05T14:00:00,SS,HH,RESULT,False,False,kbo_r,False
20250405HTLG02025,2025-04-05,2025-04-05T14:00:00,LG,HT,BEFORE,True,False,kbo_r,False
20250405KTSK02025,2025-04-05,2025-04-05T17:00:00,SK,KT,BEFORE,True,False,kbo_r,False
20250405NCWO02025,2025-04-05,2025-04-05T17:00:00,WO,NC,RESULT,False,False,kbo_r,False
20250405OBLT02025,2025-04-05,2025-04-05T17:00:00,LT,OB,RESULT,False,False,kbo_r,False
20250406HHSS02025,2025-04-06,2025-04-06T14:00:00,SS,HH,RESULT,False,False,kbo_r,False
20250406HTLG02025,2025-04-06,2025-04-06T14:00:00,LG,HT,RESULT,False,False,kbo_r,False
20250406KTSK02025,2025-04-06,2025-04-06T14:00:00,SK,KT,RESULT,False,False,kbo_r,False
20250406NCWO02025,2025-04-06,2025-04-06T14:00:00,WO,NC,RESULT,False,False,kbo_r,False
20250406OBLT02025,2025-04-06,2025-04-06T14:00:00,LT,OB,RESULT,False,False,kbo_r,False
20250408HHOB02025,2025-04-08,2025-04-08T18:30:00,OB,HH,RESULT,False,False,kbo_r,False
20250408HTLT02025,2025-04-08,2025-04-08T18:30:00,LT,HT,RESULT,False,False,kbo_r,False
20250408LGWO02025,2025-04-08,2025-04-08T18:30:00,WO,LG,RESULT,False,False,kbo_r,False
20250408NCKT02025,2025-04-08,2025-04-08T18:30:00,KT,NC,RESULT,False,False,kbo_r,False
20250408SKSS02025,2025-04-08,2025-04-08T18:30:00,SS,SK,RESULT,False,False,kbo_r,False
20250409HHOB02025,2025-04-09,2025-04-09T18:30:00,OB,HH,RESULT,False,False,kbo_r,False
20250409HTLT02025,2025-04-09,2025-04-09T18:30:00,LT,HT,RESULT,False,False,kbo_r,False
20250409LGWO02025,2025-04-09,2025-04-09T18:30:00,WO,LG,RESULT,False,False,kbo_r,False
20250409NCKT02025,2025-04-09,2025-04-09T18:30:00,KT,NC,RESULT,False,False,kbo_r,False
20250409SKSS02025,2025-04-09,2025-04-09T18:30:00,SS,SK,RESULT,False,False,kbo_r,False
20250410HHOB02025,2025-04-10,2025-04-10T18:30:00,OB,HH,RESULT,False,False,kbo_r,False
20250410HTLT02025,2025-04-10,2025-04-10T18:30:00,LT,HT,RESULT,False,False,kbo_r,False
20250410LGWO02025,2025-04-10,2025-04-10T18:30:00,WO,LG,RESULT,False,False,kbo_r,False
20250410NCKT02025,2025-04-10,2025-04-10T18:30:00,KT,NC,RESULT,False,False,kbo_r,False
20250410SKSS02025,2025-04-10,2025-04-10T18:30:00,SS,SK,RESULT,False,False,kbo_r,False
20250411LTNC02025,2025-04-11,2025-04-11T18:30:00,NC,LT,RESULT,False,False,kbo_r,False
20250411OBLG02025,2025-04-11,2025-04-11T18:30:00,LG,OB,RESULT,False,False,kbo_r,False
20250411SKHT02025,2025-04-11,2025-04-11T18:30:00,HT,SK,RESULT,False,False,kbo_r,False
20250411SSKT02025,2025-04-11,2025-04-11T18:30:00,KT,SS,RESULT,False,False,kbo_r,False
20250411WOHH02025,2025-04-11,2025-04-11T18:30:00,HH,WO,RESULT,False,False,kbo_r,False
20250412LTNC02025,2025-04-12,2025-04-12T17:00:00,NC,LT,RESULT,False,False,kbo_r,False
20250412OBLG02025,2025-04-12,2025-04-12T14:00:00,LG,OB,RESULT,False,False,kbo_r,False
20250412SKHT02025,2025-04-12,2025-04-12T17:00:00,HT,SK,BEFORE,True,False,kbo_r,False
20250412SSKT02025,2025-04-12,2025-04-12T14:00:00,KT,SS,BEFORE,True,False,kbo_r,False
20250412WOHH02025,2025-04-12,2025-04-12T17:00:00,HH,WO,RESULT,False,False,kbo_r,False
20250413LTNC02025,2025-04-13,2025-04-13T14:00:00,NC,LT,RESULT,False,False,kbo_r,False
20250413OBLG02025,2025-04-13,2025-04-13T14:00:00,LG,OB,RESULT,False,False,kbo_r,False
20250413SKHT02025,2025-04-13,2025-04-13T14:00:00,HT,SK,RESULT,False,False,kbo_r,False
20250413SSKT02025,2025-04-13,2025-04-13T14:00:00,KT,SS,RESULT,False,False,kbo_r,False
20250413WOHH02025,2025-04-13,2025-04-13T14:00:00,HH,WO,RESULT,False,False,kbo_r,False
20250415HHSK02025,2025-04-15,2025-04-15T18:30:00,SK,HH,RESULT,False,False,kbo_r,False
20250415KTHT02025,2025-04-15,2025-04-15T18:30:00,HT,KT,RESULT,False,False,kbo_r,False
20250415OBNC02025,2025-04-15,2025-04-15T18:30:00,NC,OB,BEFORE,True,False,kbo_r,False
20250415SSLG02025,2025-04-15,2025-04-15T18:30:00,LG,SS,RESULT,False,False,kbo_r,False
20250415WOLT02025,2025-04-15,2025-04-15T18:30:00,LT,WO,RESULT,False,False,kbo_r,False
20250416HHSK02025,2025-04-16,2025-04-16T18:30:00,SK,HH,RESULT,False,False,kbo_r,False
20250416KTHT02025,2025-04-16,2025-04-16T18:30:00,HT,KT,RESULT,False,False,kbo_r,False
20250416OBNC02025,2025-04-16,2025-04-16T18:30:00,NC,OB,BEFORE,True,False,kbo_r,False
20250416SSLG02025,2025-04-16,2025-04-16T18:30:00,LG,SS,RESULT,False,False,kbo_r,False
20250416WOLT02025,2025-04-16,2025-04-16T18:30:00,LT,WO,RESULT,False,False,kbo_r,False
20250417HHSK02025,2025-04-17,2025-04-17T18:30:00,SK,HH,RESULT,False,False,kbo_r,False
20250417KTHT02025,2025-04-17,2025-04-17T18:30:00,HT,KT,RESULT,False,False,kbo_r,False
20250417OBNC02025,2025-04-17,2025-04-17T18:30:00,NC,OB,BEFORE,True,False,kbo_r,False
20250417SSLG02025,2025-04-17,2025-04-17T18:30:00,LG,SS,RESULT,False,False,kbo_r,False
20250417WOLT02025,2025-04-17,2025-04-17T18:30:00,LT,WO,RESULT,False,False,kbo_r,False
20250418HTOB02025,2025-04-18,2025-04-18T18:30:00,OB,HT,RESULT,False,False,kbo_r,False
20250418KTWO02025,2025-04-18,2025-04-18T18:30:00,WO,KT,RESULT,False,False,kbo_r,False
20250418LGSK02025,2025-04-18,2025-04-18T18:30:00,SK,LG,RESULT,False,False,kbo_r,False
20250418LTSS02025,2025-04-18,2025-04-18T18:30:00,SS,LT,RESULT,False,False,kbo_r,False
20250418NCHH02025,2025-04-18,2025-04-18T18:30:00,HH,NC,RESULT,False,False,kbo_r,False
20250419HTOB02025,2025-04-19,2025-04-19T14:00:00,OB,HT,RESULT,False,False,kbo_r,False
20250419KTWO02025,2025-04-19,2025-04-19T17:00:00,WO,KT,RESULT,False,False,kbo_r,False
20250419LGSK02025,2025-04-19,2025-04-19T14:00:00,SK,LG,RESULT,False,False,kbo_r,False
20250419LTSS02025,2025-04-19,2025-04-19T17:00:00,SS,LT,RESULT,False,False,kbo_r,False
20250419NCHH02025,2025-04-19,2025-04-19T17:00:00,HH,NC,RESULT,False,False,kbo_r,False
20250420HTOB02025,2025-04-20,2025-04-20T14:00:00,OB,HT,RESULT,False,False,kbo_r,False
20250420KTWO02025,2025-04-20,2025-04-20T14:00:00,WO,KT,RESULT,False,False,kbo_r,False
20250420LGSK02025,2025-04-20,2025-04-20T14:00:00,SK,LG,RESULT,False,False,kbo_r,False
20250420LTSS02025,2025-04-20,2025-04-20T14:00:00,SS,LT,RESULT,False,False,kbo_r,False
20250420NCHH02025,2025-04-20,2025-04-20T14:00:00,HH,NC,RESULT,False,False,kbo_r,False
20250422HHLT02025,2025-04-22,2025-04-22T18:30:00,LT,HH,BEFORE,True,False,kbo_r,False
20250422HTSS02025,2025-04-22,2025-04-22T18:30:00,SS,HT,BEFORE,True,False,kbo_r,False
20250422NCLG02025,2025-04-22,2025-04-22T18:30:00,LG,NC,RESULT,False,False,kbo_r,False
20250422OBWO02025,2025-04-22,2025-04-22T18:30:00,WO,OB,RESULT,False,False,kbo_r,False
20250422SKKT02025,2025-04-22,2025-04-22T18:30:00,KT,SK,RESULT,False,False,kbo_r,False
20250423HHLT02025,2025-04-23,2025-04-23T18:30:00,LT,HH,RESULT,False,False,kbo_r,False
20250423HTSS02025,2025-04-23,2025-04-23T18:30:00,SS,HT,RESULT,False,False,kbo_r,False
20250423NCLG02025,2025-04-23,2025-04-23T18:30:00,LG,NC,RESULT,False,False,kbo_r,False
20250423OBWO02025,2025-04-23,2025-04-23T18:30:00,WO,OB,RESULT,False,False,kbo_r,False
20250423SKKT02025,2025-04-23,2025-04-23T18:30:00,KT,SK,RESULT,False,False,kbo_r,False
20250424HHLT02025,2025-04-24,2025-04-24T18:30:00,LT,HH,RESULT,False,False,kbo_r,False
20250424HTSS02025,2025-04-24,2025-04-24T18:30:00,SS,HT,RESULT,False,False,kbo_r,False
20250424NCLG02025,2025-04-24,2025-04-24T18:30:00,LG,NC,RESULT,False,False,kbo_r,False
20250424OBWO02025,2025-04-24,2025-04-24T18:30:00,WO,OB,RESULT,False,False,kbo_r,False
20250424SKKT02025,2025-04-24,2025-04-24T18:30:00,KT,SK,RESULT,False,False,kbo_r,False
20250425KTHH02025,2025-04-25,2025-04-25T18:30:00,HH,KT,RESULT,False,False,kbo_r,False
20250425LGHT02025,2025-04-25,2025-04-25T18:30:00,HT,LG,RESULT,False,False,kbo_r,False
20250425LTOB02025,2025-04-25,2025-04-25T18:30:00,OB,LT,RESULT,False,False,kbo_r,False
20250425NCSS02025,2025-04-25,2025-04-25T18:30:00,SS,NC,RESULT,False,False,kbo_r,False
20250425WOSK02025,2025-04-25,2025-04-25T18:30:00,SK,WO,RESULT,False,False,kbo_r,False
20250426KTHH02025,2025-04-26,2025-04-26T17:00:00,HH,KT,RESULT,False,False,kbo_r,False
20250426LGHT02025,2025-04-26,2025-04-26T14:00:00,HT,LG,RESULT,False,False,kbo_r,False
20250426LTOB02025,2025-04-26,2025-04-26T14:00:00,OB,LT,RESULT,False,False,kbo_r,False
20250426NCSS02025,2025-04-26,2025-04-26T17:00:00,SS,NC,RESULT,False,False,kbo_r,False
20250426WOSK02025,2025-04-26,2025-04-26T17:00:00,SK,WO,RESULT,False,False,kbo_r,False
20250427KTHH02025,2025-04-27,2025-04-27T14:00:00,HH,KT,RESULT,False,False,kbo_r,False
20250427LGHT02025,2025-04-27,2025-04-27T14:00:00,HT,LG,RESULT,False,False,kbo_r,False
20250427LTOB02025,2025-04-27,2025-04-27T14:00:00,OB,LT,RESULT,False,False,kbo_r,False
20250427NCSS02025,2025-04-27,2025-04-27T14:00:00,SS,NC,RESULT,False,False,kbo_r,False
20250427WOSK02025,2025-04-27,2025-04-27T14:00:00,SK,WO,RESULT,False,False,kbo_r,False
20250429KTOB02025,2025-04-29,2025-04-29T18:30:00,OB,KT,RESULT,False,False,kbo_r,False
20250429LGHH02025,2025-04-29,2025-04-29T18:30:00,HH,LG,RESULT,False,False,kbo_r,False
20250429LTWO02025,2025-04-29,2025-04-29T18:30:00,WO,LT,RESULT,False,False,kbo_r,False
20250429NCHT02025,2025-04-29,2025-04-29T18:30:00,HT,NC,RESULT,False,False,kbo_r,False
20250429SSSK02025,2025-04-29,2025-04-29T18:30:00,SK,SS,RESULT,False,False,kbo_r,False
20250430KTOB02025,2025-04-30,2025-04-30T18:30:00,OB,KT,RESULT,False,False,kbo_r,False
20250430LGHH02025,2025-04-30,2025-04-30T18:30:00,HH,LG,RESULT,False,False,kbo_r,False
20250430LTWO02025,2025-04-30,2025-04-30T18:30:00,WO,LT,RESULT,False,False,kbo_r,False
20250430NCHT02025,2025-04-30,2025-04-30T18:30:00,HT,NC,RESULT,False,False,kbo_r,False
20250430SSSK02025,2025-04-30,2025-04-30T18:30:00,SK,SS,RESULT,False,False,kbo_r,False
20250501KTOB02025,2025-05-01,2025-05-01T18:30:00,OB,KT,RESULT,False,False,kbo_r,False
20250501LGHH02025,2025-05-01,2025-05-01T18:30:00,HH,LG,BEFORE,True,False,kbo_r,False
20250501LTWO02025,2025-05-01,2025-05-01T18:30:00,WO,LT,RESULT,False,False,kbo_r,False
20250501NCHT02025,2025-05-01,2025-05-01T18:30:00,HT,NC,BEFORE,True,False,kbo_r,False
20250501SSSK02025,2025-05-01,2025-05-01T18:30:00,SK,SS,RESULT,False,False,kbo_r,False
20250502HHHT02025,2025-05-02,2025-05-02T18:30:00,HT,HH,RESULT,False,False,kbo_r,False
20250502NCLT02025,2025-05-02,2025-05-02T18:30:00,LT,NC,RESULT,False,False,kbo_r,False
20250502OBSS02025,2025-05-02,2025-05-02T18:30:00,SS,OB,RESULT,False,False,kbo_r,False
20250502SKLG02025,2025-05-02,2025-05-02T18:30:00,LG,SK,RESULT,False,False,kbo_r,False
20250502WOKT02025,2025-05-02,2025-05-02T18:30:00,KT,WO,RESULT,False,False,kbo_r,False
20250503HHHT02025,2025-05-03,2025-05-03T14:00:00,HT,HH,BEFORE,True,False,kbo_r,False
20250503NCLT02025,2025-05-03,2025-05-03T17:00:00,LT,NC,RESULT,False,False,kbo_r,False
20250503OBSS02025,2025-05-03,2025-05-03T17:00:00,SS,OB,RESULT,False,False,kbo_r,False
20250503SKLG02025,2025-05-03,2025-05-03T17:00:00,LG,SK,RESULT,False,False,kbo_r,False
20250503WOKT02025,2025-05-03,2025-05-03T17:00:00,KT,WO,RESULT,False,False,kbo_r,False
20250504HHHT02025,2025-05-04,2025-05-04T14:00:00,HT,HH,RESULT,False,False,kbo_r,False
20250504NCLT02025,2025-05-04,2025-05-04T14:00:00,LT,NC,RESULT,False,False,kbo_r,False
20250504OBSS02025,2025-05-04,2025-05-04T14:00:00,SS,OB,RESULT,False,False,kbo_r,False
20250504SKLG02025,2025-05-04,2025-05-04T14:00:00,LG,SK,RESULT,False,False,kbo_r,False
20250504WOKT02025,2025-05-04,2025-05-04T14:00:00,KT,WO,RESULT,False,False,kbo_r,False
20250505HTWO02025,2025-05-05,2025-05-05T14:00:00,WO,HT,RESULT,False,False,kbo_r,False
20250505LGOB02025,2025-05-05,2025-05-05T14:00:00,OB,LG,RESULT,False,False,kbo_r,False
20250505NCKT02025,2025-05-05,2025-05-05T14:00:00,KT,NC,RESULT,False,False,kbo_r,False
20250505SKLT02025,2025-05-05,2025-05-05T14:00:00,LT,SK,RESULT,False,False,kbo_r,False
20250505SSHH02025,2025-05-05,2025-05-05T14:00:00,HH,SS,RESULT,False,False,kbo_r,False
20250506HTWO02025,2025-05-06,2025-05-06T14:00:00,WO,HT,RESULT,False,False,kbo_r,False
20250506LGOB02025,2025-05-06,2025-05-06T14:00:00,OB,LG,RESULT,False,False,kbo_r,False
20250506NCKT02025,2025-05-06,2025-05-06T14:00:00,KT,NC,RESULT,False,False,kbo_r,False
20250506SKLT02025,2025-05-06,2025-05-06T14:00:00,LT,SK,RESULT,False,False,kbo_r,False
20250506SSHH02025,2025-05-06,2025-05-06T14:00:00,HH,SS,RESULT,False,False,kbo_r,False
20250507HTWO02025,2025-05-07,2025-05-07T18:30:00,WO,HT,RESULT,False,False,kbo_r,False
20250507LGOB02025,2025-05-07,2025-05-07T18:30:00,OB,LG,RESULT,False,False,kbo_r,False
20250507NCKT02025,2025-05-07,2025-05-07T18:30:00,KT,NC,RESULT,False,False,kbo_r,False
20250507SKLT02025,2025-05-07,2025-05-07T18:30:00,LT,SK,RESULT,False,False,kbo_r,False
20250507SSHH02025,2025-05-07,2025-05-07T18:30:00,HH,SS,RESULT,False,False,kbo_r,False
20250509HHWO02025,2025-05-09,2025-05-09T18:30:00,WO,HH,RESULT,False,False,kbo_r,False
20250509HTSK02025,2025-05-09,2025-05-09T18:30:00,SK,HT,BEFORE,True,False,kbo_r,False
20250509LGSS02025,2025-05-09,2025-05-09T18:30:00,SS,LG,BEFORE,True,False,kbo_r,False
20250509LTKT02025,2025-05-09,2025-05-09T18:30:00,KT,LT,BEFORE,True,False,kbo_r,False
20250509NCOB02025,2025-05-09,2025-05-09T18:30:00,OB,NC,BEFORE,True,False,kbo_r,False
20250510HHWO02025,2025-05-10,2025-05-10T14:00:00,WO,HH,RESULT,False,False,kbo_r,False
20250510HTSK02025,2025-05-10,2025-05-10T17:00:00,SK,HT,RESULT,False,False,kbo_r,False
20250510HTSK12025,2025-05-10,2025-05-10T14:00:00,SK,HT,BEFORE,True,False,kbo_r,False
20250510LGSS12025,2025-05-10,2025-05-10T14:00:00,SS,LG,RESULT,False,False,kbo_r,False
20250510LGSS22025,2025-05-10,2025-05-10T17:50:00,SS,LG,RESULT,False,False,kbo_r,False
20250510LTKT02025,2025-05-10,2025-05-10T17:00:00,KT,LT,RESULT,False,False,kbo_r,False
20250510LTKT12025,2025-05-10,2025-05-10T14:00:00,KT,LT,BEFORE,True,False,kbo_r,False
20250510NCOB02025,2025-05-10,2025-05-10T17:00:00,OB,NC,RESULT,False,False,kbo_r,False
20250510NCOB12025,2025-05-10,2025-05-10T14:00:00,OB,NC,BEFORE,True,False,kbo_r,False
20250511HHWO02025,2025-05-11,2025-05-11T14:00:00,WO,HH,RESULT,False,False,kbo_r,False
20250511HTSK12025,2025-05-11,2025-05-11T14:00:00,SK,HT,RESULT,False,False,kbo_r,False
20250511HTSK22025,2025-05-11,2025-05-11T18:15:00,SK,HT,RESULT,False,False,kbo_r,False
20250511LGSS02025,2025-05-11,2025-05-11T14:00:00,SS,LG,RESULT,False,False,kbo_r,False
20250511LTKT12025,2025-05-11,2025-05-11T14:00:00,KT,LT,RESULT,False,False,kbo_r,False
20250511LTKT22025,2025-05-11,2025-05-11T17:55:00,KT,LT,RESULT,False,False,kbo_r,False
20250511NCOB12025,2025-05-11,2025-05-11T14:00:00,OB,NC,RESULT,False,False,kbo_r,False
20250511NCOB22025,2025-05-11,2025-05-11T18:00:00,OB,NC,RESULT,False,False,kbo_r,False
20250513KTSS02025,2025-05-13,2025-05-13T18:30:00,SS,KT,RESULT,False,False,kbo_r,False
20250513LTHT02025,2025-05-13,2025-05-13T18:30:00,HT,LT,RESULT,False,False,kbo_r,False
20250513NCSK02025,2025-05-13,2025-05-13T18:30:00,SK,NC,RESULT,False,False,kbo_r,False
20250513OBHH02025,2025-05-13,2025-05-13T18:30:00,HH,OB,RESULT,False,False,kbo_r,False
20250513WOLG02025,2025-05-13,2025-05-13T18:30:00,LG,WO,RESULT,False,False,kbo_r,False
20250514KTSS02025,2025-05-14,2025-05-14T18:30:00,SS,KT,RESULT,False,False,kbo_r,False
20250514LTHT02025,2025-05-14,2025-05-14T18:30:00,HT,LT,RESULT,False,False,kbo_r,False
20250514NCSK02025,2025-05-14,2025-05-14T18:30:00,SK,NC,RESULT,False,False,kbo_r,False
20250514OBHH02025,2025-05-14,2025-05-14T18:30:00,HH,OB,RESULT,False,False,kbo_r,False
20250514WOLG02025,2025-05-14,2025-05-14T18:30:00,LG,WO,RESULT,False,False,kbo_r,False
20250515KTSS02025,2025-05-15,2025-05-15T18:30:00,SS,KT,RESULT,False,False,kbo_r,False
20250515LTHT02025,2025-05-15,2025-05-15T18:30:00,HT,LT,RESULT,False,False,kbo_r,False
20250515NCSK02025,2025-05-15,2025-05-15T18:30:00,SK,NC,RESULT,False,False,kbo_r,False
20250515OBHH02025,2025-05-15,2025-05-15T18:30:00,HH,OB,RESULT,False,False,kbo_r,False
20250515WOLG02025,2025-05-15,2025-05-15T18:30:00,LG,WO,RESULT,False,False,kbo_r,False
20250516KTLG02025,2025-05-16,2025-05-16T18:30:00,LG,KT,BEFORE,True,False,kbo_r,False
20250516OBHT02025,2025-05-16,2025-05-16T18:30:00,HT,OB,BEFORE,True,False,kbo_r,False
20250516SKHH02025,2025-05-16,2025-05-16T18:30:00,HH,SK,BEFORE,True,False,kbo_r,False
20250516SSLT02025,2025-05-16,2025-05-16T18:30:00,LT,SS,BEFORE,True,False,kbo_r,False
20250516WONC02025,2025-05-16,2025-05-16T18:30:00,NC,WO,BEFORE,True,False,kbo_r,False
20250517KTLG12025,2025-05-17,2025-05-17T14:00:00,LG,KT,RESULT,False,False,kbo_r,False
20250517KTLG22025,2025-05-17,2025-05-17T18:40:00,LG,KT,RESULT,False,False,kbo_r,False
20250517OBHT12025,2025-05-17,2025-05-17T14:00:00,HT,OB,RESULT,False,False,kbo_r,False
20250517OBHT22025,2025-05-17,2025-05-17T18:10:00,HT,OB,RESULT,False,False,kbo_r,False
20250517SKHH12025,2025-05-17,2025-05-17T14:00:00,HH,SK,RESULT,False,False,kbo_r,False
20250517SKHH22025,2025-05-17,2025-05-17T17:45:00,HH,SK,RESULT,False,False,kbo_r,False
20250517SSLT12025,2025-05-17,2025-05-17T14:00:00,LT,SS,RESULT,False,False,kbo_r,False
20250517SSLT22025,2025-05-17,2025-05-17T18:20:00,LT,SS,RESULT,False,False,kbo_r,False
20250517WONC12025,2025-05-17,2025-05-17T14:00:00,NC,WO,RESULT,False,False,kbo_r,False
20250517WONC22025,2025-05-17,2025-05-17T18:00:00,NC,WO,RESULT,False,False,kbo_r,False
20250518KTLG02025,2025-05-18,2025-05-18T14:00:00,LG,KT,RESULT,False,False,kbo_r,False
20250518OBHT02025,2025-05-18,2025-05-18T14:00:00,HT,OB,RESULT,False,False,kbo_r,False
20250518SKHH02025,2025-05-18,2025-05-18T14:00:00,HH,SK,RESULT,False,False,kbo_r,False
20250518SSLT02025,2025-05-18,2025-05-18T14:00:00,LT,SS,RESULT,False,False,kbo_r,False
20250518WONC02025,2025-05-18,2025-05-18T14:00:00,NC,WO,RESULT,False,False,kbo_r,False
20250520HHNC02025,2025-05-20,2025-05-20T18:30:00,NC,HH,RESULT,False,False,kbo_r,False
20250520HTKT02025,2025-05-20,2025-05-20T18:30:00,KT,HT,RESULT,False,False,kbo_r,False
20250520LGLT02025,2025-05-20,2025-05-20T18:30:00,LT,LG,RESULT,False,False,kbo_r,False
20250520SKOB02025,2025-05-20,2025-05-20T18:30:00,OB,SK,RESULT,False,False,kbo_r,False
20250520SSWO02025,2025-05-20,2025-05-20T18:30:00,WO,SS,RESULT,False,False,kbo_r,False
20250521HHNC02025,2025-05-21,2025-05-21T18:30:00,NC,HH,RESULT,False,False,kbo_r,False
20250521HTKT02025,2025-05-21,2025-05-21T18:30:00,KT,HT,RESULT,False,False,kbo_r,False
20250521LGLT02025,2025-05-21,2025-05-21T18:30:00,LT,LG,RESULT,False,False,kbo_r,False
20250521SKOB02025,2025-05-21,2025-05-21T18:30:00,OB,SK,RESULT,False,False,kbo_r,False
20250521SSWO02025,2025-05-21,2025-05-21T18:30:00,WO,SS,RESULT,False,False,kbo_r,False
20250522HHNC02025,2025-05-22,2025-05-22T18:30:00,NC,HH,RESULT,False,False,kbo_r,False
20250522HTKT02025,2025-05-22,2025-05-22T18:30:00,KT,HT,RESULT,False,False,kbo_r,False
20250522LGLT02025,2025-05-22,2025-05-22T18:30:00,LT,LG,RESULT,False,False,kbo_r,False
20250522SKOB02025,2025-05-22,2025-05-22T18:30:00,OB,SK,RESULT,False,False,kbo_r,False
20250522SSWO02025,2025-05-22,2025-05-22T18:30:00,WO,SS,RESULT,False,False,kbo_r,False
20250523HTSS02025,2025-05-23,2025-05-23T18:30:00,SS,HT,RESULT,False,False,kbo_r,False
20250523KTWO02025,2025-05-23,2025-05-23T18:30:00,WO,KT,RESULT,False,False,kbo_r,False
20250523LGSK02025,2025-05-23,2025-05-23T18:30:00,SK,LG,RESULT,False,False,kbo_r,False
20250523LTHH02025,2025-05-23,2025-05-23T18:30:00,HH,LT,RESULT,False,False,kbo_r,False
20250523NCOB02025,2025-05-23,2025-05-23T18:30:00,OB,NC,RESULT,False,False,kbo_r,False
20250524HTSS02025,2025-05-24,2025-05-24T17:00:00,SS,HT,RESULT,False,False,kbo_r,False
20250524KTWO02025,2025-05-24,2025-05-24T14:00:00,WO,KT,RESULT,False,False,kbo_r,False
20250524LGSK02025,2025-05-24,2025-05-24T17:00:00,SK,LG,RESULT,False,False,kbo_r,False
20250524LTHH02025,2025-05-24,2025-05-24T14:00:00,HH,LT,RESULT,False,False,kbo_r,False
20250524NCOB02025,2025-05-24,2025-05-24T17:00:00,OB,NC,RESULT,False,False,kbo_r,False
20250525HTSS02025,2025-05-25,2025-05-25T14:00:00,SS,HT,RESULT,False,False,kbo_r,False
20250525KTWO02025,2025-05-25,2025-05-25T14:00:00,WO,KT,RESULT,False,False,kbo_r,False
20250525LGSK02025,2025-05-25,2025-05-25T14:00:00,SK,LG,RESULT,False,False,kbo_r,False
20250525LTHH02025,2025-05-25,2025-05-25T14:00:00,HH,LT,RESULT,False,False,kbo_r,False
20250525NCOB02025,2025-05-25,2025-05-25T14:00:00,OB,NC,RESULT,False,False,kbo_r,False
20250527HHLG02025,2025-05-27,2025-05-27T18:30:00,LG,HH,RESULT,False,False,kbo_r,False
20250527LTSS02025,2025-05-27,2025-05-27T18:30:00,SS,LT,RESULT,False,False,kbo_r,False
20250527NCSK02025,2025-05-27,2025-05-27T18:30:00,SK,NC,RESULT,False,False,kbo_r,False
20250527OBKT02025,2025-05-27,2025-05-27T18:30:00,KT,OB,RESULT,False,False,kbo_r,False
20250527WOHT02025,2025-05-27,2025-05-27T18:30:00,HT,WO,RESULT,False,False,kbo_r,False
20250528HHLG02025,2025-05-28,2025-05-28T18:30:00,LG,HH,RESULT,False,False,kbo_r,False
20250528LTSS02025,2025-05-28,2025-05-28T18:30:00,SS,LT,BEFORE,True,False,kbo_r,False
20250528NCSK02025,2025-05-28,2025-05-28T18:30:00,SK,NC,RESULT,False,False,kbo_r,False
20250528OBKT02025,2025-05-28,2025-05-28T18:30:00,KT,OB,RESULT,False,False,kbo_r,False
20250528WOHT02025,2025-05-28,2025-05-28T18:30:00,HT,WO,RESULT,False,False,kbo_r,False
20250529HHLG02025,2025-05-29,2025-05-29T18:30:00,LG,HH,RESULT,False,False,kbo_r,False
20250529LTSS02025,2025-05-29,2025-05-29T18:30:00,SS,LT,RESULT,False,False,kbo_r,False
20250529NCSK02025,2025-05-29,2025-05-29T18:30:00,SK,NC,RESULT,False,False,kbo_r,False
20250529OBKT02025,2025-05-29,2025-05-29T18:30:00,KT,OB,RESULT,False,False,kbo_r,False
20250529WOHT02025,2025-05-29,2025-05-29T18:30:00,HT,WO,RESULT,False,False,kbo_r,False
20250530HHNC02025,2025-05-30,2025-05-30T18:30:00,NC,HH,RESULT,False,False,kbo_r,False
20250530HTKT02025,2025-05-30,2025-05-30T18:30:00,KT,HT,RESULT,False,False,kbo_r,False
20250530OBWO02025,2025-05-30,2025-05-30T18:30:00,WO,OB,RESULT,False,False,kbo_r,False
20250530SKLT02025,2025-05-30,2025-05-30T18:30:00,LT,SK,RESULT,False,False,kbo_r,False
20250530SSLG02025,2025-05-30,2025-05-30T18:30:00,LG,SS,RESULT,False,False,kbo_r,False
20250531HHNC02025,2025-05-31,2025-05-31T14:00:00,NC,HH,RESULT,False,False,kbo_r,False
20250531HTKT02025,2025-05-31,2025-05-31T14:00:00,KT,HT,RESULT,False,False,kbo_r,False
20250531OBWO02025,2025-05-31,2025-05-31T17:00:00,WO,OB,RESULT,False,False,kbo_r,False
20250531SKLT02025,2025-05-31,2025-05-31T17:00:00,LT,SK,RESULT,False,False,kbo_r,False
20250531SSLG02025,2025-05-31,2025-05-31T17:00:00,LG,SS,RESULT,False,False,kbo_r,False
20250601HHNC02025,2025-06-01,2025-06-01T17:00:00,NC,HH,RESULT,False,False,kbo_r,False
20250601HTKT02025,2025-06-01,2025-06-01T17:00:00,KT,HT,RESULT,False,False,kbo_r,False
20250601OBWO02025,2025-06-01,2025-06-01T14:00:00,WO,OB,RESULT,False,False,kbo_r,False
20250601SKLT02025,2025-06-01,2025-06-01T17:00:00,LT,SK,RESULT,False,False,kbo_r,False
20250601SSLG02025,2025-06-01,2025-06-01T17:00:00,LG,SS,RESULT,False,False,kbo_r,False
20250603HTOB02025,2025-06-03,2025-06-03T17:00:00,OB,HT,RESULT,False,False,kbo_r,False
20250603KTHH02025,2025-06-03,2025-06-03T14:00:00,HH,KT,RESULT,False,False,kbo_r,False
20250603LGNC02025,2025-06-03,2025-06-03T14:00:00,NC,LG,RESULT,False,False,kbo_r,False
20250603SSSK02025,2025-06-03,2025-06-03T17:00:00,SK,SS,RESULT,False,False,kbo_r,False
20250603WOLT02025,2025-06-03,2025-06-03T17:00:00,LT,WO,RESULT,False,False,kbo_r,False
20250604HTOB02025,2025-06-04,2025-06-04T18:30:00,OB,HT,RESULT,False,False,kbo_r,False
20250604KTHH02025,2025-06-04,2025-06-04T18:30:00,HH,KT,RESULT,False,False,kbo_r,False
20250604LGNC02025,2025-06-04,2025-06-04T18:30:00,NC,LG,RESULT,False,False,kbo_r,False
20250604SSSK02025,2025-06-04,2025-06-04T18:30:00,SK,SS,RESULT,False,False,kbo_r,False
20250604WOLT02025,2025-06-04,2025-06-04T18:30:00,LT,WO,RESULT,False,False,kbo_r,False
20250605HTOB02025,2025-06-05,2025-06-05T18:30:00,OB,HT,RESULT,False,False,kbo_r,False
20250605KTHH02025,2025-06-05,2025-06-05T18:30:00,HH,KT,RESULT,False,False,kbo_r,False
20250605LGNC02025,2025-06-05,2025-06-05T18:30:00,NC,LG,RESULT,False,False,kbo_r,False
20250605SSSK02025,2025-06-05,2025-06-05T18:30:00,SK,SS,RESULT,False,False,kbo_r,False
20250605WOLT02025,2025-06-05,2025-06-05T18:30:00,LT,WO,RESULT,False,False,kbo_r,False
20250606HHHT02025,2025-06-06,2025-06-06T17:00:00,HT,HH,RESULT,False,False,kbo_r,False
20250606LGWO02025,2025-06-06,2025-06-06T17:00:00,WO,LG,RESULT,False,False,kbo_r,False
20250606LTOB02025,2025-06-06,2025-06-06T17:00:00,OB,LT,RESULT,False,False,kbo_r,False
20250606NCSS02025,2025-06-06,2025-06-06T17:00:00,SS,NC,RESULT,False,False,kbo_r,False
20250606SKKT02025,2025-06-06,2025-06-06T17:00:00,KT,SK,RESULT,False,False,kbo_r,False
20250607HHHT02025,2025-06-07,2025-06-07T17:00:00,HT,HH,RESULT,False,False,kbo_r,False
20250607LGWO02025,2025-06-07,2025-06-07T17:00:00,WO,LG,RESULT,False,False,kbo_r,False
20250607LTOB02025,2025-06-07,2025-06-07T17:00:00,OB,LT,RESULT,False,False,kbo_r,False
20250607NCSS02025,2025-06-07,2025-06-07T17:00:00,SS,NC,RESULT,False,False,kbo_r,False
20250607SKKT02025,2025-06-07,2025-06-07T17:00:00,KT,SK,RESULT,False,False,kbo_r,False
20250608HHHT02025,2025-06-08,2025-06-08T17:00:00,HT,HH,RESULT,False,False,kbo_r,False
20250608LGWO02025,2025-06-08,2025-06-08T14:00:00,WO,LG,RESULT,False,False,kbo_r,False
20250608LTOB02025,2025-06-08,2025-06-08T17:00:00,OB,LT,RESULT,False,False,kbo_r,False
20250608NCSS02025,2025-06-08,2025-06-08T17:00:00,SS,NC,RESULT,False,False,kbo_r,False
20250608SKKT02025,2025-06-08,2025-06-08T17:00:00,KT,SK,RESULT,False,False,kbo_r,False
20250610LTKT02025,2025-06-10,2025-06-10T18:30:00,KT,LT,RESULT,False,False,kbo_r,False
20250610NCWO02025,2025-06-10,2025-06-10T18:30:00,WO,NC,RESULT,False,False,kbo_r,False
20250610OBHH02025,2025-06-10,2025-06-10T18:30:00,HH,OB,RESULT,False,False,kbo_r,False
20250610SKLG02025,2025-06-10,2025-06-10T18:30:00,LG,SK,RESULT,False,False,kbo_r,False
20250610SSHT02025,2025-06-10,2025-06-10T18:30:00,HT,SS,RESULT,False,False,kbo_r,False
20250611LTKT02025,2025-06-11,2025-06-11T18:30:00,KT,LT,RESULT,False,False,kbo_r,False
20250611NCWO02025,2025-06-11,2025-06-11T18:30:00,WO,NC,RESULT,False,False,kbo_r,False
20250611OBHH02025,2025-06-11,2025-06-11T18:30:00,HH,OB,RESULT,False,False,kbo_r,False
20250611SKLG02025,2025-06-11,2025-06-11T18:30:00,LG,SK,RESULT,False,False,kbo_r,False
20250611SSHT02025,2025-06-11,2025-06-11T18:30:00,HT,SS,RESULT,False,False,kbo_r,False
20250612LTKT02025,2025-06-12,2025-06-12T18:30:00,KT,LT,RESULT,False,False,kbo_r,False
20250612NCWO02025,2025-06-12,2025-06-12T18:30:00,WO,NC,RESULT,False,False,kbo_r,False
20250612OBHH02025,2025-06-12,2025-06-12T18:30:00,HH,OB,RESULT,False,False,kbo_r,False
20250612SKLG02025,2025-06-12,2025-06-12T18:30:00,LG,SK,RESULT,False,False,kbo_r,False
20250612SSHT02025,2025-06-12,2025-06-12T18:30:00,HT,SS,RESULT,False,False,kbo_r,False
20250613HTNC02025,2025-06-13,2025-06-13T18:30:00,NC,HT,RESULT,False,False,kbo_r,False
20250613KTSS02025,2025-06-13,2025-06-13T18:30:00,SS,KT,BEFORE,True,False,kbo_r,False
20250613LGHH02025,2025-06-13,2025-06-13T18:30:00,HH,LG,BEFORE,True,False,kbo_r,False
20250613LTSK02025,2025-06-13,2025-06-13T18:30:00,SK,LT,BEFORE,True,False,kbo_r,False
20250613WOOB02025,2025-06-13,2025-06-13T18:30:00,OB,WO,BEFORE,True,False,kbo_r,False
20250614HTNC02025,2025-06-14,2025-06-14T17:00:00,NC,HT,RESULT,False,False,kbo_r,False
20250614KTSS02025,2025-06-14,2025-06-14T17:00:00,SS,KT,RESULT,False,False,kbo_r,False
20250614LGHH02025,2025-06-14,2025-06-14T17:00:00,HH,LG,RESULT,False,False,kbo_r,False
20250614LTSK02025,2025-06-14,2025-06-14T17:00:00,SK,LT,RESULT,False,False,kbo_r,False
20250614WOOB02025,2025-06-14,2025-06-14T17:00:00,OB,WO,RESULT,False,False,kbo_r,False
20250615HTNC02025,2025-06-15,2025-06-15T17:00:00,NC,HT,RESULT,False,False,kbo_r,False
20250615KTSS02025,2025-06-15,2025-06-15T17:00:00,SS,KT,RESULT,False,False,kbo_r,False
20250615LGHH02025,2025-06-15,2025-06-15T17:00:00,HH,LG,RESULT,False,False,kbo_r,False
20250615LTSK02025,2025-06-15,2025-06-15T17:00:00,SK,LT,RESULT,False,False,kbo_r,False
20250615WOOB02025,2025-06-15,2025-06-15T17:00:00,OB,WO,RESULT,False,False,kbo_r,False
20250617HHLT02025,2025-06-17,2025-06-17T18:30:00,LT,HH,RESULT,False,False,kbo_r,False
20250617KTHT02025,2025-06-17,2025-06-17T18:30:00,HT,KT,RESULT,False,False,kbo_r,False
20250617NCLG02025,2025-06-17,2025-06-17T18:30:00,LG,NC,RESULT,False,False,kbo_r,False
20250617OBSS02025,2025-06-17,2025-06-17T18:30:00,SS,OB,RESULT,False,False,kbo_r,False
20250617SKWO02025,2025-06-17,2025-06-17T18:30:00,WO,SK,RESULT,False,False,kbo_r,False
20250618HHLT02025,2025-06-18,2025-06-18T18:30:00,LT,HH,RESULT,False,False,kbo_r,False
20250618KTHT02025,2025-06-18,2025-06-18T18:30:00,HT,KT,RESULT,False,False,kbo_r,False
20250618NCLG02025,2025-06-18,2025-06-18T18:30:00,LG,NC,RESULT,False,False,kbo_r,False
20250618OBSS02025,2025-06-18,2025-06-18T18:30:00,SS,OB,RESULT,False,False,kbo_r,False
20250618SKWO02025,2025-06-18,2025-06-18T18:30:00,WO,SK,RESULT,False,False,kbo_r,False
20250619HHLT02025,2025-06-19,2025-06-19T18:30:00,LT,HH,RESULT,False,False,kbo_r,False
20250619KTHT02025,2025-06-19,2025-06-19T18:30:00,HT,KT,RESULT,False,False,kbo_r,False
20250619NCLG02025,2025-06-19,2025-06-19T18:30:00,LG,NC,RESULT,False,False,kbo_r,False
20250619OBSS02025,2025-06-19,2025-06-19T18:30:00,SS,OB,RESULT,False,False,kbo_r,False
20250619SKWO02025,2025-06-19,2025-06-19T18:30:00,WO,SK,RESULT,False,False,kbo_r,False
20250620HTSK02025,2025-06-20,2025-06-20T18:30:00,SK,HT,BEFORE,True,False,kbo_r,False
20250620NCKT02025,2025-06-20,2025-06-20T18:30:00,KT,NC,BEFORE,True,False,kbo_r,False
20250620OBLG02025,2025-06-20,2025-06-20T18:30:00,LG,OB,BEFORE,True,False,kbo_r,False
20250620SSLT02025,2025-06-20,2025-06-20T18:30:00,LT,SS,RESULT,False,False,kbo_r,False
20250620WOHH02025,2025-06-20,2025-06-20T18:30:00,HH,WO,BEFORE,True,False,kbo_r,False
20250621HTSK02025,2025-06-21,2025-06-21T17:00:00,SK,HT,RESULT,False,False,kbo_r,False
20250621NCKT02025,2025-06-21,2025-06-21T17:00:00,KT,NC,RESULT,False,False,kbo_r,False
20250621OBLG02025,2025-06-21,2025-06-21T17:00:00,LG,OB,RESULT,False,False,kbo_r,False
20250621SSLT02025,2025-06-21,2025-06-21T17:00:00,LT,SS,BEFORE,True,False,kbo_r,False
20250621WOHH02025,2025-06-21,2025-06-21T17:00:00,HH,WO,BEFORE,True,False,kbo_r,False
20250622HTSK02025,2025-06-22,2025-06-22T17:00:00,SK,HT,RESULT,False,False,kbo_r,False
20250622NCKT02025,2025-06-22,2025-06-22T17:00:00,KT,NC,RESULT,False,False,kbo_r,False
20250622OBLG02025,2025-06-22,2025-06-22T17:00:00,LG,OB,RESULT,False,False,kbo_r,False
20250622SSLT02025,2025-06-22,2025-06-22T17:00:00,LT,SS,RESULT,False,False,kbo_r,False
20250622WOHH02025,2025-06-22,2025-06-22T17:00:00,HH,WO,RESULT,False,False,kbo_r,False
20250624HHSS02025,2025-06-24,2025-06-24T18:30:00,SS,HH,BEFORE,True,False,kbo_r,False
20250624HTWO02025,2025-06-24,2025-06-24T18:30:00,WO,HT,RESULT,False,False,kbo_r,False
20250624LGKT02025,2025-06-24,2025-06-24T18:30:00,KT,LG,RESULT,False,False,kbo_r,False
20250624LTNC02025,2025-06-24,2025-06-24T18:30:00,NC,LT,BEFORE,True,False,kbo_r,False
20250624SKOB02025,2025-06-24,2025-06-24T18:30:00,OB,SK,RESULT,False,False,kbo_r,False
20250625HHSS02025,2025-06-25,2025-06-25T18:30:00,SS,HH,RESULT,False,False,kbo_r,False
20250625HTWO02025,2025-06-25,2025-06-25T18:30:00,WO,HT,RESULT,False,False,kbo_r,False
20250625LGKT02025,2025-06-25,2025-06-25T18:30:00,KT,LG,BEFORE,True,False,kbo_r,False
20250625LTNC02025,2025-06-25,2025-06-25T18:30:00,NC,LT,RESULT,False,False,kbo_r,False
20250625SKOB02025,2025-06-25,2025-06-25T18:30:00,OB,SK,BEFORE,True,False,kbo_r,False
20250626HHSS02025,2025-06-26,2025-06-26T18:30:00,SS,HH,RESULT,False,False,kbo_r,False
20250626HTWO02025,2025-06-26,2025-06-26T18:30:00,WO,HT,RESULT,False,False,kbo_r,False
20250626LGKT02025,2025-06-26,2025-06-26T18:30:00,KT,LG,RESULT,False,False,kbo_r,False
20250626LTNC02025,2025-06-26,2025-06-26T18:30:00,NC,LT,RESULT,False,False,kbo_r,False
20250626SKOB02025,2025-06-26,2025-06-26T18:30:00,OB,SK,RESULT,False,False,kbo_r,False
20250627HHSK02025,2025-06-27,2025-06-27T18:30:00,SK,HH,RESULT,False,False,kbo_r,False
20250627HTLG02025,2025-06-27,2025-06-27T18:30:00,LG,HT,RESULT,False,False,kbo_r,False
20250627KTLT02025,2025-06-27,2025-06-27T18:30:00,LT,KT,RESULT,False,False,kbo_r,False
20250627OBNC02025,2025-06-27,2025-06-27T18:30:00,NC,OB,RESULT,False,False,kbo_r,False
20250627SSWO02025,2025-06-27,2025-06-27T18:30:00,WO,SS,RESULT,False,False,kbo_r,False
20250628HHSK02025,2025-06-28,2025-06-28T17:00:00,SK,HH,RESULT,False,False,kbo_r,False
20250628HTLG02025,2025-06-28,2025-06-28T17:00:00,LG,HT,RESULT,False,False,kbo_r,False
20250628KTLT02025,2025-06-28,2025-06-28T17:00:00,LT,KT,RESULT,False,False,kbo_r,False
20250628OBNC02025,2025-06-28,2025-06-28T17:00:00,NC,OB,RESULT,False,False,kbo_r,False
20250628SSWO02025,2025-06-28,2025-06-28T17:00:00,WO,SS,RESULT,False,False,kbo_r,False
20250629HHSK02025,2025-06-29,2025-06-29T17:00:00,SK,HH,RESULT,False,False,kbo_r,False
20250629HTLG02025,2025-06-29,2025-06-29T17:00:00,LG,HT,RESULT,False,False,kbo_r,False
20250629KTLT02025,2025-06-29,2025-06-29T17:00:00,LT,KT,RESULT,False,False,kbo_r,False
20250629OBNC02025,2025-06-29,2025-06-29T17:00:00,NC,OB,RESULT,False,False,kbo_r,False
20250629SSWO02025,2025-06-29,2025-06-29T14:00:00,WO,SS,RESULT,False,False,kbo_r,False
20250701LGLT02025,2025-07-01,2025-07-01T18:30:00,LT,LG,RESULT,False,False,kbo_r,False
20250701NCHH02025,2025-07-01,2025-07-01T18:30:00,HH,NC,RESULT,False,False,kbo_r,False
20250701SKHT02025,2025-07-01,2025-07-01T18:30:00,HT,SK,RESULT,False,False,kbo_r,False
20250701SSOB02025,2025-07-01,2025-07-01T18:30:00,OB,SS,RESULT,False,False,kbo_r,False
20250701WOKT02025,2025-07-01,2025-07-01T18:30:00,KT,WO,RESULT,False,False,kbo_r,False
20250702LGLT02025,2025-07-02,2025-07-02T18:30:00,LT,LG,RESULT,False,False,kbo_r,False
20250702NCHH02025,2025-07-02,2025-07-02T18:30:00,HH,NC,RESULT,False,False,kbo_r,False
20250702SKHT02025,2025-07-02,2025-07-02T18:30:00,HT,SK,RESULT,False,False,kbo_r,False
20250702SSOB02025,2025-07-02,2025-07-02T18:30:00,OB,SS,RESULT,False,False,kbo_r,False
20250702WOKT02025,2025-07-02,2025-07-02T18:30:00,KT,WO,RESULT,False,False,kbo_r,False
20250703LGLT02025,2025-07-03,2025-07-03T18:30:00,LT,LG,RESULT,False,False,kbo_r,False
20250703NCHH02025,2025-07-03,2025-07-03T18:30:00,HH,NC,RESULT,False,False,kbo_r,False
20250703SKHT02025,2025-07-03,2025-07-03T18:30:00,HT,SK,RESULT,False,False,kbo_r,False
20250703SSOB02025,2025-07-03,2025-07-03T18:30:00,OB,SS,RESULT,False,False,kbo_r,False
20250703WOKT02025,2025-07-03,2025-07-03T18:30:00,KT,WO,RESULT,False,False,kbo_r,False
20250704HHWO02025,2025-07-04,2025-07-04T18:30:00,WO,HH,RESULT,False,False,kbo_r,False
20250704KTOB02025,2025-07-04,2025-07-04T18:30:00,OB,KT,RESULT,False,False,kbo_r,False
20250704LGSS02025,2025-07-04,2025-07-04T18:30:00,SS,LG,RESULT,False,False,kbo_r,False
20250704LTHT02025,2025-07-04,2025-07-04T18:30:00,HT,LT,RESULT,False,False,kbo_r,False
20250704SKNC02025,2025-07-04,2025-07-04T18:30:00,NC,SK,RESULT,False,False,kbo_r,False
20250705HHWO02025,2025-07-05,2025-07-05T18:00:00,WO,HH,RESULT,False,False,kbo_r,False
20250705KTOB02025,2025-07-05,2025-07-05T18:00:00,OB,KT,RESULT,False,False,kbo_r,False
20250705LGSS02025,2025-07-05,2025-07-05T18:00:00,SS,LG,RESULT,False,False,kbo_r,False
20250705LTHT02025,2025-07-05,2025-07-05T18:00:00,HT,LT,RESULT,False,False,kbo_r,False
20250705SKNC02025,2025-07-05,2025-07-05T18:00:00,NC,SK,RESULT,False,False,kbo_r,False
20250706HHWO02025,2025-07-06,2025-07-06T14:00:00,WO,HH,RESULT,False,False,kbo_r,False
20250706KTOB02025,2025-07-06,2025-07-06T18:00:00,OB,KT,RESULT,False,False,kbo_r,False
20250706LGSS02025,2025-07-06,2025-07-06T18:00:00,SS,LG,RESULT,False,False,kbo_r,False
20250706LTHT02025,2025-07-06,2025-07-06T18:00:00,HT,LT,RESULT,False,False,kbo_r,False
20250706SKNC02025,2025-07-06,2025-07-06T18:00:00,NC,SK,RESULT,False,False,kbo_r,False
20250708HTHH02025,2025-07-08,2025-07-08T18:30:00,HH,HT,RESULT,False,False,kbo_r,False
20250708KTSK02025,2025-07-08,2025-07-08T18:30:00,SK,KT,RESULT,False,False,kbo_r,False
20250708OBLT02025,2025-07-08,2025-07-08T18:30:00,LT,OB,RESULT,False,False,kbo_r,False
20250708SSNC02025,2025-07-08,2025-07-08T18:30:00,NC,SS,RESULT,False,False,kbo_r,False
20250708WOLG02025,2025-07-08,2025-07-08T18:30:00,LG,WO,RESULT,False,False,kbo_r,False
20250709HTHH02025,2025-07-09,2025-07-09T18:30:00,HH,HT,RESULT,False,False,kbo_r,False
20250709KTSK02025,2025-07-09,2025-07-09T18:30:00,SK,KT,RESULT,False,False,kbo_r,False
20250709OBLT02025,2025-07-09,2025-07-09T18:30:00,LT,OB,RESULT,False,False,kbo_r,False
20250709SSNC02025,2025-07-09,2025-07-09T18:30:00,NC,SS,RESULT,False,False,kbo_r,False
20250709WOLG02025,2025-07-09,2025-07-09T18:30:00,LG,WO,RESULT,False,False,kbo_r,False
20250710HTHH02025,2025-07-10,2025-07-10T18:30:00,HH,HT,RESULT,False,False,kbo_r,False
20250710KTSK02025,2025-07-10,2025-07-10T18:30:00,SK,KT,RESULT,False,False,kbo_r,False
20250710OBLT02025,2025-07-10,2025-07-10T18:30:00,LT,OB,RESULT,False,False,kbo_r,False
20250710SSNC02025,2025-07-10,2025-07-10T18:30:00,NC,SS,RESULT,False,False,kbo_r,False
20250710WOLG02025,2025-07-10,2025-07-10T18:30:00,LG,WO,RESULT,False,False,kbo_r,False
20250717HHKT02025,2025-07-17,2025-07-17T18:30:00,KT,HH,BEFORE,True,False,kbo_r,False
20250717LTLG02025,2025-07-17,2025-07-17T18:30:00,LG,LT,BEFORE,True,False,kbo_r,False
20250717NCHT02025,2025-07-17,2025-07-17T18:30:00,HT,NC,BEFORE,True,False,kbo_r,False
20250717OBSK02025,2025-07-17,2025-07-17T18:30:00,SK,OB,BEFORE,True,False,kbo_r,False
20250717WOSS02025,2025-07-17,2025-07-17T18:30:00,SS,WO,BEFORE,True,False,kbo_r,False
20250718HHKT02025,2025-07-18,2025-07-18T18:30:00,KT,HH,RESULT,False,False,kbo_r,False
20250718LTLG02025,2025-07-18,2025-07-18T18:30:00,LG,LT,RESULT,False,False,kbo_r,False
20250718NCHT02025,2025-07-18,2025-07-18T18:30:00,HT,NC,BEFORE,True,False,kbo_r,False
20250718OBSK02025,2025-07-18,2025-07-18T18:30:00,SK,OB,BEFORE,True,False,kbo_r,False
20250718WOSS02025,2025-07-18,2025-07-18T18:30:00,SS,WO,BEFORE,True,False,kbo_r,False
20250719HHKT02025,2025-07-19,2025-07-19T18:00:00,KT,HH,RESULT,False,False,kbo_r,False
20250719LTLG02025,2025-07-19,2025-07-19T18:00:00,LG,LT,RESULT,False,False,kbo_r,False
20250719NCHT02025,2025-07-19,2025-07-19T18:00:00,HT,NC,BEFORE,True,False,kbo_r,False
20250719OBSK02025,2025-07-19,2025-07-19T18:00:00,SK,OB,RESULT,False,False,kbo_r,False
20250719WOSS02025,2025-07-19,2025-07-19T18:00:00,SS,WO,BEFORE,True,False,kbo_r,False
20250720HHKT02025,2025-07-20,2025-07-20T18:00:00,KT,HH,RESULT,False,False,kbo_r,False
20250720LTLG02025,2025-07-20,2025-07-20T18:00:00,LG,LT,RESULT,False,False,kbo_r,False
20250720NCHT02025,2025-07-20,2025-07-20T18:00:00,HT,NC,RESULT,False,False,kbo_r,False
20250720OBSK02025,2025-07-20,2025-07-20T18:00:00,SK,OB,RESULT,False,False,kbo_r,False
20250720WOSS02025,2025-07-20,2025-07-20T18:00:00,SS,WO,RESULT,False,False,kbo_r,False
20250722HHOB02025,2025-07-22,2025-07-22T18:30:00,OB,HH,RESULT,False,False,kbo_r,False
20250722KTNC02025,2025-07-22,2025-07-22T18:30:00,NC,KT,RESULT,False,False,kbo_r,False
20250722LGHT02025,2025-07-22,2025-07-22T18:30:00,HT,LG,RESULT,False,False,kbo_r,False
20250722LTWO02025,2025-07-22,2025-07-22T18:30:00,WO,LT,RESULT,False,False,kbo_r,False
20250722SKSS02025,2025-07-22,2025-07-22T18:30:00,SS,SK,RESULT,False,False,kbo_r,False
20250723HHOB02025,2025-07-23,2025-07-23T18:30:00,OB,HH,RESULT,False,False,kbo_r,False
20250723KTNC02025,2025-07-23,2025-07-23T18:30:00,NC,KT,RESULT,False,False,kbo_r,False
20250723LGHT02025,2025-07-23,2025-07-23T18:30:00,HT,LG,RESULT,False,False,kbo_r,False
20250723LTWO02025,2025-07-23,2025-07-23T18:30:00,WO,LT,RESULT,False,False,kbo_r,False
20250723SKSS02025,2025-07-23,2025-07-23T18:30:00,SS,SK,RESULT,False,False,kbo_r,False
20250724HHOB02025,2025-07-24,2025-07-24T18:30:00,OB,HH,RESULT,False,False,kbo_r,False
20250724KTNC02025,2025-07-24,2025-07-24T18:30:00,NC,KT,RESULT,False,False,kbo_r,False
20250724LGHT02025,2025-07-24,2025-07-24T18:30:00,HT,LG,RESULT,False,False,kbo_r,False
20250724LTWO02025,2025-07-24,2025-07-24T18:30:00,WO,LT,RESULT,False,False,kbo_r,False
20250724SKSS02025,2025-07-24,2025-07-24T18:30:00,SS,SK,RESULT,False,False,kbo_r,False
20250725HTLT02025,2025-07-25,2025-07-25T18:30:00,LT,HT,RESULT,False,False,kbo_r,False
20250725LGOB02025,2025-07-25,2025-07-25T18:30:00,OB,LG,RESULT,False,False,kbo_r,False
20250725SKHH02025,2025-07-25,2025-07-25T18:30:00,HH,SK,RESULT,False,False,kbo_r,False
20250725SSKT02025,2025-07-25,2025-07-25T18:30:00,KT,SS,RESULT,False,False,kbo_r,False
20250725WONC02025,2025-07-25,2025-07-25T18:30:00,NC,WO,RESULT,False,False,kbo_r,False
20250726HTLT02025,2025-07-26,2025-07-26T18:00:00,LT,HT,RESULT,False,False,kbo_r,False
20250726LGOB02025,2025-07-26,2025-07-26T18:00:00,OB,LG,RESULT,False,False,kbo_r,False
20250726SKHH02025,2025-07-26,2025-07-26T18:00:00,HH,SK,RESULT,False,False,kbo_r,False
20250726SSKT02025,2025-07-26,2025-07-26T18:00:00,KT,SS,RESULT,False,False,kbo_r,False
20250726WONC02025,2025-07-26,2025-07-26T18:00:00,NC,WO,RESULT,False,False,kbo_r,False
20250727HTLT02025,2025-07-27,2025-07-27T18:00:00,LT,HT,RESULT,False,False,kbo_r,False
20250727LGOB02025,2025-07-27,2025-07-27T18:00:00,OB,LG,RESULT,False,False,kbo_r,False
20250727SKHH02025,2025-07-27,2025-07-27T18:00:00,HH,SK,RESULT,False,False,kbo_r,False
20250727SSKT02025,2025-07-27,2025-07-27T18:00:00,KT,SS,RESULT,False,False,kbo_r,False
20250727WONC02025,2025-07-27,2025-07-27T18:00:00,NC,WO,RESULT,False,False,kbo_r,False
20250729KTLG02025,2025-07-29,2025-07-29T18:30:00,LG,KT,RESULT,False,False,kbo_r,False
20250729NCLT02025,2025-07-29,2025-07-29T18:30:00,LT,NC,RESULT,False,False,kbo_r,False
20250729OBHT02025,2025-07-29,2025-07-29T18:30:00,HT,OB,RESULT,False,False,kbo_r,False
20250729SSHH02025,2025-07-29,2025-07-29T18:30:00,HH,SS,RESULT,False,False,kbo_r,False
20250729WOSK02025,2025-07-29,2025-07-29T18:30:00,SK,WO,RESULT,False,False,kbo_r,False
20250730KTLG02025,2025-07-30,2025-07-30T18:30:00,LG,KT,RESULT,False,False,kbo_r,False
20250730NCLT02025,2025-07-30,2025-07-30T18:30:00,LT,NC,RESULT,False,False,kbo_r,False
20250730OBHT02025,2025-07-30,2025-07-30T18:30:00,HT,OB,RESULT,False,False,kbo_r,False
20250730SSHH02025,2025-07-30,2025-07-30T18:30:00,HH,SS,RESULT,False,False,kbo_r,False
20250730WOSK02025,2025-07-30,2025-07-30T18:30:00,SK,WO,RESULT,False,False,kbo_r,False
20250731KTLG02025,2025-07-31,2025-07-31T18:30:00,LG,KT,RESULT,False,False,kbo_r,False
20250731NCLT02025,2025-07-31,2025-07-31T18:30:00,LT,NC,RESULT,False,False,kbo_r,False
20250731OBHT02025,2025-07-31,2025-07-31T18:30:00,HT,OB,RESULT,False,False,kbo_r,False
20250731SSHH02025,2025-07-31,2025-07-31T18:30:00,HH,SS,RESULT,False,False,kbo_r,False
20250731WOSK02025,2025-07-31,2025-07-31T18:30:00,SK,WO,RESULT,False,False,kbo_r,False
20250801HHHT02025,2025-08-01,2025-08-01T18:30:00,HT,HH,RESULT,False,False,kbo_r,False
20250801KTNC02025,2025-08-01,2025-08-01T18:30:00,NC,KT,RESULT,False,False,kbo_r,False
20250801LGSS02025,2025-08-01,2025-08-01T18:30:00,SS,LG,RESULT,False,False,kbo_r,False
20250801LTWO02025,2025-08-01,2025-08-01T18:30:00,WO,LT,RESULT,False,False,kbo_r,False
20250801SKOB02025,2025-08-01,2025-08-01T18:30:00,OB,SK,RESULT,False,False,kbo_r,False
20250802HHHT02025,2025-08-02,2025-08-02T18:00:00,HT,HH,BEFORE,True,False,kbo_r,False
20250802KTNC02025,2025-08-02,2025-08-02T18:00:00,NC,KT,RESULT,False,False,kbo_r,False
20250802LGSS02025,2025-08-02,2025-08-02T18:00:00,SS,LG,RESULT,False,False,kbo_r,False
20250802LTWO02025,2025-08-02,2025-08-02T18:00:00,WO,LT,RESULT,False,False,kbo_r,False
20250802SKOB02025,2025-08-02,2025-08-02T18:00:00,OB,SK,RESULT,False,False,kbo_r,False
20250803HHHT02025,2025-08-03,2025-08-03T18:00:00,HT,HH,BEFORE,True,False,kbo_r,False
20250803KTNC02025,2025-08-03,2025-08-03T18:00:00,NC,KT,RESULT,False,False,kbo_r,False
20250803LGSS02025,2025-08-03,2025-08-03T18:00:00,SS,LG,RESULT,False,False,kbo_r,False
20250803LTWO02025,2025-08-03,2025-08-03T14:00:00,WO,LT,RESULT,False,False,kbo_r,False
20250803SKOB02025,2025-08-03,2025-08-03T18:00:00,OB,SK,RESULT,False,False,kbo_r,False
20250805HTLT02025,2025-08-05,2025-08-05T18:30:00,LT,HT,RESULT,False,False,kbo_r,False
20250805KTHH02025,2025-08-05,2025-08-05T18:30:00,HH,KT,RESULT,False,False,kbo_r,False
20250805OBLG02025,2025-08-05,2025-08-05T18:30:00,LG,OB,RESULT,False,False,kbo_r,False
20250805SSSK02025,2025-08-05,2025-08-05T18:30:00,SK,SS,RESULT,False,False,kbo_r,False
20250805WONC02025,2025-08-05,2025-08-05T18:30:00,NC,WO,RESULT,False,False,kbo_r,False
20250806HTLT02025,2025-08-06,2025-08-06T18:30:00,LT,HT,RESULT,False,False,kbo_r,False
20250806KTHH02025,2025-08-06,2025-08-06T18:30:00,HH,KT,RESULT,False,False,kbo_r,False
20250806OBLG02025,2025-08-06,2025-08-06T18:30:00,LG,OB,RESULT,False,False,kbo_r,False
20250806SSSK02025,2025-08-06,2025-08-06T18:30:00,SK,SS,RESULT,False,False,kbo_r,False
20250806WONC02025,2025-08-06,2025-08-06T18:30:00,NC,WO,RESULT,False,False,kbo_r,False
20250807HTLT02025,2025-08-07,2025-08-07T18:30:00,LT,HT,RESULT,False,False,kbo_r,False
20250807KTHH02025,2025-08-07,2025-08-07T18:30:00,HH,KT,RESULT,False,False,kbo_r,False
20250807OBLG02025,2025-08-07,2025-08-07T18:30:00,LG,OB,RESULT,False,False,kbo_r,False
20250807SSSK02025,2025-08-07,2025-08-07T18:30:00,SK,SS,RESULT,False,False,kbo_r,False
20250807WONC02025,2025-08-07,2025-08-07T18:30:00,NC,WO,RESULT,False,False,kbo_r,False
20250808HHLG02025,2025-08-08,2025-08-08T18:30:00,LG,HH,RESULT,False,False,kbo_r,False
20250808HTNC02025,2025-08-08,2025-08-08T18:30:00,NC,HT,RESULT,False,False,kbo_r,False
20250808OBWO02025,2025-08-08,2025-08-08T18:30:00,WO,OB,RESULT,False,False,kbo_r,False
20250808SKLT02025,2025-08-08,2025-08-08T18:30:00,LT,SK,RESULT,False,False,kbo_r,False
20250808SSKT02025,2025-08-08,2025-08-08T18:30:00,KT,SS,RESULT,False,False,kbo_r,False
20250809HHLG02025,2025-08-09,2025-08-09T18:00:00,LG,HH,RESULT,False,False,kbo_r,False
20250809HTNC02025,2025-08-09,2025-08-09T18:00:00,NC,HT,BEFORE,True,False,kbo_r,False
20250809OBWO02025,2025-08-09,2025-08-09T18:00:00,WO,OB,RESULT,False,False,kbo_r,False
20250809SKLT02025,2025-08-09,2025-08-09T18:00:00,LT,SK,BEFORE,True,False,kbo_r,False
20250809SSKT02025,2025-08-09,2025-08-09T18:00:00,KT,SS,RESULT,False,False,kbo_r,False
20250810HHLG02025,2025-08-10,2025-08-10T18:00:00,LG,HH,RESULT,False,False,kbo_r,False
20250810HTNC02025,2025-08-10,2025-08-10T18:00:00,NC,HT,RESULT,False,False,kbo_r,False
20250810OBWO02025,2025-08-10,2025-08-10T14:00:00,WO,OB,RESULT,False,False,kbo_r,False
20250810SKLT02025,2025-08-10,2025-08-10T18:00:00,LT,SK,RESULT,False,False,kbo_r,False
20250810SSKT02025,2025-08-10,2025-08-10T18:00:00,KT,SS,RESULT,False,False,kbo_r,False
20250812HTSS02025,2025-08-12,2025-08-12T18:30:00,SS,HT,RESULT,False,False,kbo_r,False
20250812LGKT02025,2025-08-12,2025-08-12T18:30:00,KT,LG,RESULT,False,False,kbo_r,False
20250812LTHH02025,2025-08-12,2025-08-12T18:30:00,HH,LT,RESULT,False,False,kbo_r,False
20250812NCOB02025,2025-08-12,2025-08-12T18:30:00,OB,NC,RESULT,False,False,kbo_r,False
20250812WOSK02025,2025-08-12,2025-08-12T18:30:00,SK,WO,RESULT,False,False,kbo_r,False
20250813HTSS02025,2025-08-13,2025-08-13T18:30:00,SS,HT,RESULT,False,False,kbo_r,False
20250813LGKT02025,2025-08-13,2025-08-13T18:30:00,KT,LG,BEFORE,True,False,kbo_r,False
20250813LTHH02025,2025-08-13,2025-08-13T18:30:00,HH,LT,RESULT,False,False,kbo_r,False
20250813NCOB02025,2025-08-13,2025-08-13T18:30:00,OB,NC,BEFORE,True,False,kbo_r,False
20250813WOSK02025,2025-08-13,2025-08-13T18:30:00,SK,WO,BEFORE,True,False,kbo_r,False
20250814HTSS02025,2025-08-14,2025-08-14T18:30:00,SS,HT,RESULT,False,False,kbo_r,False
20250814LGKT02025,2025-08-14,2025-08-14T18:30:00,KT,LG,BEFORE,True,False,kbo_r,False
20250814LTHH02025,2025-08-14,2025-08-14T18:30:00,HH,LT,RESULT,False,False,kbo_r,False
20250814NCOB02025,2025-08-14,2025-08-14T18:30:00,OB,NC,RESULT,False,False,kbo_r,False
20250814WOSK02025,2025-08-14,2025-08-14T18:30:00,SK,WO,RESULT,False,False,kbo_r,False
20250815HHNC02025,2025-08-15,2025-08-15T18:00:00,NC,HH,RESULT,False,False,kbo_r,False
20250815HTOB02025,2025-08-15,2025-08-15T18:00:00,OB,HT,RESULT,False,False,kbo_r,False
20250815KTWO02025,2025-08-15,2025-08-15T18:00:00,WO,KT,RESULT,False,False,kbo_r,False
20250815LGSK02025,2025-08-15,2025-08-15T18:00:00,SK,LG,RESULT,False,False,kbo_r,False
20250815SSLT02025,2025-08-15,2025-08-15T18:00:00,LT,SS,RESULT,False,False,kbo_r,False
20250816HHNC02025,2025-08-16,2025-08-16T18:00:00,NC,HH,RESULT,False,False,kbo_r,False
20250816HTOB02025,2025-08-16,2025-08-16T18:00:00,OB,HT,RESULT,False,False,kbo_r,False
20250816KTWO02025,2025-08-16,2025-08-16T18:00:00,WO,KT,RESULT,False,False,kbo_r,False
20250816LGSK02025,2025-08-16,2025-08-16T18:00:00,SK,LG,RESULT,False,False,kbo_r,False
20250816SSLT02025,2025-08-16,2025-08-16T18:00:00,LT,SS,RESULT,False,False,kbo_r,False
20250817HHNC02025,2025-08-17,2025-08-17T18:00:00,NC,HH,RESULT,False,False,kbo_r,False
20250817HTOB02025,2025-08-17,2025-08-17T18:00:00,OB,HT,RESULT,False,False,kbo_r,False
20250817KTWO02025,2025-08-17,2025-08-17T14:00:00,WO,KT,RESULT,False,False,kbo_r,False
20250817LGSK02025,2025-08-17,2025-08-17T18:00:00,SK,LG,RESULT,False,False,kbo_r,False
20250817SSLT02025,2025-08-17,2025-08-17T18:00:00,LT,SS,RESULT,False,False,kbo_r,False
20250819LTLG02025,2025-08-19,2025-08-19T18:30:00,LG,LT,RESULT,False,False,kbo_r,False
20250819OBHH02025,2025-08-19,2025-08-19T18:30:00,HH,OB,RESULT,False,False,kbo_r,False
20250819SKKT02025,2025-08-19,2025-08-19T18:30:00,KT,SK,RESULT,False,False,kbo_r,False
20250819SSNC02025,2025-08-19,2025-08-19T18:30:00,NC,SS,RESULT,False,False,kbo_r,False
20250819WOHT02025,2025-08-19,2025-08-19T18:30:00,HT,WO,RESULT,False,False,kbo_r,False
20250820LTLG02025,2025-08-20,2025-08-20T18:30:00,LG,LT,RESULT,False,False,kbo_r,False
20250820OBHH02025,2025-08-20,2025-08-20T18:30:00,HH,OB,RESULT,False,False,kbo_r,False
20250820SKKT02025,2025-08-20,2025-08-20T18:30:00,KT,SK,RESULT,False,False,kbo_r,False
20250820SSNC02025,2025-08-20,2025-08-20T18:30:00,NC,SS,RESULT,False,False,kbo_r,False
20250820WOHT02025,2025-08-20,2025-08-20T18:30:00,HT,WO,RESULT,False,False,kbo_r,False
20250821LTLG02025,2025-08-21,2025-08-21T18:30:00,LG,LT,RESULT,False,False,kbo_r,False
20250821OBHH02025,2025-08-21,2025-08-21T18:30:00,HH,OB,RESULT,False,False,kbo_r,False
20250821SKKT02025,2025-08-21,2025-08-21T18:30:00,KT,SK,RESULT,False,False,kbo_r,False
20250821SSNC02025,2025-08-21,2025-08-21T18:30:00,NC,SS,RESULT,False,False,kbo_r,False
20250821WOHT02025,2025-08-21,2025-08-21T18:30:00,HT,WO,RESULT,False,False,kbo_r,False
20250822KTOB02025,2025-08-22,2025-08-22T18:30:00,OB,KT,RESULT,False,False,kbo_r,False
20250822LGHT02025,2025-08-22,2025-08-22T18:30:00,HT,LG,RESULT,False,False,kbo_r,False
20250822LTNC02025,2025-08-22,2025-08-22T18:30:00,NC,LT,RESULT,False,False,kbo_r,False
20250822SKHH02025,2025-08-22,2025-08-22T18:30:00,HH,SK,RESULT,False,False,kbo_r,False
20250822WOSS02025,2025-08-22,2025-08-22T18:30:00,SS,WO,RESULT,False,False,kbo_r,False
20250823KTOB02025,2025-08-23,2025-08-23T18:00:00,OB,KT,RESULT,False,False,kbo_r,False
20250823LGHT02025,2025-08-23,2025-08-23T18:00:00,HT,LG,RESULT,False,False,kbo_r,False
20250823LTNC02025,2025-08-23,2025-08-23T18:00:00,NC,LT,RESULT,False,False,kbo_r,False
20250823SKHH02025,2025-08-23,2025-08-23T18:00:00,HH,SK,RESULT,False,False,kbo_r,False
20250823WOSS02025,2025-08-23,2025-08-23T18:00:00,SS,WO,RESULT,False,False,kbo_r,False
20250824KTOB02025,2025-08-24,2025-08-24T18:00:00,OB,KT,RESULT,False,False,kbo_r,False
20250824LGHT02025,2025-08-24,2025-08-24T18:00:00,HT,LG,RESULT,False,False,kbo_r,False
20250824LTNC02025,2025-08-24,2025-08-24T18:00:00,NC,LT,RESULT,False,False,kbo_r,False
20250824SKHH02025,2025-08-24,2025-08-24T18:00:00,HH,SK,RESULT,False,False,kbo_r,False
20250824WOSS02025,2025-08-24,2025-08-24T18:00:00,SS,WO,RESULT,False,False,kbo_r,False
20250826HHWO02025,2025-08-26,2025-08-26T18:30:00,WO,HH,RESULT,False,False,kbo_r,False
20250826HTSK02025,2025-08-26,2025-08-26T18:30:00,SK,HT,RESULT,False,False,kbo_r,False
20250826KTLT02025,2025-08-26,2025-08-26T18:30:00,LT,KT,RESULT,False,False,kbo_r,False
20250826LGNC02025,2025-08-26,2025-08-26T18:30:00,NC,LG,RESULT,False,False,kbo_r,False
20250826SSOB02025,2025-08-26,2025-08-26T18:30:00,OB,SS,RESULT,False,False,kbo_r,False
20250827HHWO02025,2025-08-27,2025-08-27T18:30:00,WO,HH,RESULT,False,False,kbo_r,False
20250827HTSK02025,2025-08-27,2025-08-27T18:30:00,SK,HT,RESULT,False,False,kbo_r,False
20250827KTLT02025,2025-08-27,2025-08-27T18:30:00,LT,KT,RESULT,False,False,kbo_r,False
20250827LGNC02025,2025-08-27,2025-08-27T18:30:00,NC,LG,RESULT,False,False,kbo_r,False
20250827SSOB02025,2025-08-27,2025-08-27T18:30:00,OB,SS,RESULT,False,False,kbo_r,False
20250828HHWO02025,2025-08-28,2025-08-28T18:30:00,WO,HH,RESULT,False,False,kbo_r,False
20250828HTSK02025,2025-08-28,2025-08-28T18:30:00,SK,HT,RESULT,False,False,kbo_r,False
20250828KTLT02025,2025-08-28,2025-08-28T18:30:00,LT,KT,RESULT,False,False,kbo_r,False
20250828LGNC02025,2025-08-28,2025-08-28T18:30:00,NC,LG,RESULT,False,False,kbo_r,False
20250828SSOB02025,2025-08-28,2025-08-28T18:30:00,OB,SS,RESULT,False,False,kbo_r,False
20250829HTKT02025,2025-08-29,2025-08-29T18:30:00,KT,HT,RESULT,False,False,kbo_r,False
20250829NCSK02025,2025-08-29,2025-08-29T18:30:00,SK,NC,RESULT,False,False,kbo_r,False
20250829OBLT02025,2025-08-29,2025-08-29T18:30:00,LT,OB,RESULT,False,False,kbo_r,False
20250829SSHH02025,2025-08-29,2025-08-29T18:30:00,HH,SS,RESULT,False,False,kbo_r,False
20250829WOLG02025,2025-08-29,2025-08-29T18:30:00,LG,WO,RESULT,False,False,kbo_r,False
20250830HTKT02025,2025-08-30,2025-08-30T18:00:00,KT,HT,RESULT,False,False,kbo_r,False
20250830NCSK02025,2025-08-30,2025-08-30T18:00:00,SK,NC,RESULT,False,False,kbo_r,False
20250830OBLT02025,2025-08-30,2025-08-30T18:00:00,LT,OB,RESULT,False,False,kbo_r,False
20250830SSHH02025,2025-08-30,2025-08-30T18:00:00,HH,SS,RESULT,False,False,kbo_r,False
20250830WOLG02025,2025-08-30,2025-08-30T18:00:00,LG,WO,RESULT,False,False,kbo_r,False
20250831HTKT02025,2025-08-31,2025-08-31T18:00:00,KT,HT,RESULT,False,False,kbo_r,False
20250831NCSK02025,2025-08-31,2025-08-31T18:00:00,SK,NC,RESULT,False,False,kbo_r,False
20250831OBLT02025,2025-08-31,2025-08-31T18:00:00,LT,OB,RESULT,False,False,kbo_r,False
20250831SSHH02025,2025-08-31,2025-08-31T18:00:00,HH,SS,RESULT,False,False,kbo_r,False
20250831WOLG02025,2025-08-31,2025-08-31T18:00:00,LG,WO,RESULT,False,False,kbo_r,False
20250902HTHH02025,2025-09-02,2025-09-02T18:30:00,HH,HT,RESULT,False,False,kbo_r,False
20250902LTLG02025,2025-09-02,2025-09-02T18:30:00,LG,LT,RESULT,False,False,kbo_r,False
20250902NCKT02025,2025-09-02,2025-09-02T18:30:00,KT,NC,RESULT,False,False,kbo_r,False
20250902WOSK02025,2025-09-02,2025-09-02T18:30:00,SK,WO,RESULT,False,False,kbo_r,False
20250903LTKT02025,2025-09-03,2025-09-03T18:30:00,KT,LT,RESULT,False,False,kbo_r,False
20250903NCHH02025,2025-09-03,2025-09-03T18:30:00,HH,NC,RESULT,False,False,kbo_r,False
20250903SKHT02025,2025-09-03,2025-09-03T18:30:00,HT,SK,RESULT,False,False,kbo_r,False
20250903WOSS02025,2025-09-03,2025-09-03T18:30:00,SS,WO,RESULT,False,False,kbo_r,False
20250904LGKT02025,2025-09-04,2025-09-04T18:30:00,KT,LG,RESULT,False,False,kbo_r,False
20250904OBNC02025,2025-09-04,2025-09-04T18:30:00,NC,OB,RESULT,False,False,kbo_r,False
20250904SKHT02025,2025-09-04,2025-09-04T18:30:00,HT,SK,BEFORE,True,False,kbo_r,False
20250904WOSS02025,2025-09-04,2025-09-04T18:30:00,SS,WO,BEFORE,True,False,kbo_r,False
20250905KTHT02025,2025-09-05,2025-09-05T18:30:00,HT,KT,BEFORE,True,False,kbo_r,False
20250905LTSK02025,2025-09-05,2025-09-05T18:30:00,SK,LT,RESULT,False,False,kbo_r,False
20250905OBNC02025,2025-09-05,2025-09-05T18:30:00,NC,OB,RESULT,False,False,kbo_r,False
20250905WOSS02025,2025-09-05,2025-09-05T18:30:00,SS,WO,RESULT,False,False,kbo_r,False
20250906HHSS02025,2025-09-06,2025-09-06T17:00:00,SS,HH,RESULT,False,False,kbo_r,False
20250906HTNC02025,2025-09-06,2025-09-06T17:00:00,NC,HT,RESULT,False,False,kbo_r,False
20250906LGOB02025,2025-09-06,2025-09-06T17:00:00,OB,LG,BEFORE,True,False,kbo_r,False
20250906LTSK02025,2025-09-06,2025-09-06T17:00:00,SK,LT,BEFORE,True,False,kbo_r,False
20250907HHSS02025,2025-09-07,2025-09-07T17:00:00,SS,HH,RESULT,False,False,kbo_r,False
20250907HTNC02025,2025-09-07,2025-09-07T17:00:00,NC,HT,RESULT,False,False,kbo_r,False
20250907SKLG02025,2025-09-07,2025-09-07T17:00:00,LG,SK,RESULT,False,False,kbo_r,False
20250909HHLT02025,2025-09-09,2025-09-09T18:30:00,LT,HH,RESULT,False,False,kbo_r,False
20250909LGWO02025,2025-09-09,2025-09-09T18:30:00,WO,LG,RESULT,False,False,kbo_r,False
20250909OBKT02025,2025-09-09,2025-09-09T18:30:00,KT,OB,RESULT,False,False,kbo_r,False
20250909SKNC02025,2025-09-09,2025-09-09T18:30:00,NC,SK,BEFORE,True,False,kbo_r,False
20250909SSHT02025,2025-09-09,2025-09-09T18:30:00,HT,SS,BEFORE,True,False,kbo_r,False
20250910HHLT02025,2025-09-10,2025-09-10T18:30:00,LT,HH,RESULT,False,False,kbo_r,False
20250910LGOB02025,2025-09-10,2025-09-10T18:30:00,OB,LG,RESULT,False,False,kbo_r,False
20250910SKNC02025,2025-09-10,2025-09-10T18:30:00,NC,SK,RESULT,False,False,kbo_r,False
20250910SSHT02025,2025-09-10,2025-09-10T18:30:00,HT,SS,RESULT,False,False,kbo_r,False
20250911KTLG02025,2025-09-11,2025-09-11T18:30:00,LG,KT,RESULT,False,False,kbo_r,False
20250911LTHT02025,2025-09-11,2025-09-11T18:30:00,HT,LT,RESULT,False,False,kbo_r,False
20250911NCWO02025,2025-09-11,2025-09-11T18:30:00,WO,NC,RESULT,False,False,kbo_r,False
20250911SKSS02025,2025-09-11,2025-09-11T18:30:00,SS,SK,RESULT,False,False,kbo_r,False
20250912NCLG02025,2025-09-12,2025-09-12T18:30:00,LG,NC,BEFORE,True,False,kbo_r,False
20250912OBHT02025,2025-09-12,2025-09-12T18:30:00,HT,OB,RESULT,False,False,kbo_r,False
20250912WOHH02025,2025-09-12,2025-09-12T18:30:00,HH,WO,BEFORE,True,False,kbo_r,False
20250913HTLG02025,2025-09-13,2025-09-13T17:00:00,LG,HT,RESULT,False,False,kbo_r,False
20250913KTSS02025,2025-09-13,2025-09-13T17:00:00,SS,KT,RESULT,False,False,kbo_r,False
20250913OBNC02025,2025-09-13,2025-09-13T17:00:00,NC,OB,RESULT,False,False,kbo_r,False
20250913SKLT02025,2025-09-13,2025-09-13T17:00:00,LT,SK,RESULT,False,False,kbo_r,False
20250913WOHH02025,2025-09-13,2025-09-13T17:00:00,HH,WO,RESULT,False,False,kbo_r,False
20250914HTLG02025,2025-09-14,2025-09-14T17:00:00,LG,HT,RESULT,False,False,kbo_r,False
20250914KTSS02025,2025-09-14,2025-09-14T17:00:00,SS,KT,RESULT,False,False,kbo_r,False
20250914OBNC02025,2025-09-14,2025-09-14T17:00:00,NC,OB,RESULT,False,False,kbo_r,False
20250914WOHH02025,2025-09-14,2025-09-14T17:00:00,HH,WO,RESULT,False,False,kbo_r,False
20250915WOHH02025,2025-09-15,2025-09-15T18:30:00,HH,WO,RESULT,False,False,kbo_r,False
20250916HHHT02025,2025-09-16,2025-09-16T18:30:00,HT,HH,RESULT,False,False,kbo_r,False
20250916LGKT02025,2025-09-16,2025-09-16T18:30:00,KT,LG,RESULT,False,False,kbo_r,False
20250916LTSS02025,2025-09-16,2025-09-16T18:30:00,SS,LT,RESULT,False,False,kbo_r,False
20250916SKNC02025,2025-09-16,2025-09-16T18:30:00,NC,SK,RESULT,False,False,kbo_r,False
20250916WOOB02025,2025-09-16,2025-09-16T18:30:00,OB,WO,RESULT,False,False,kbo_r,False
20250917HHHT02025,2025-09-17,2025-09-17T18:30:00,HT,HH,RESULT,False,False,kbo_r,False
20250917LGKT02025,2025-09-17,2025-09-17T18:30:00,KT,LG,BEFORE,True,False,kbo_r,False
20250917LTSS02025,2025-09-17,2025-09-17T18:30:00,SS,LT,BEFORE,True,False,kbo_r,False
20250917SKNC02025,2025-09-17,2025-09-17T18:30:00,NC,SK,RESULT,False,False,kbo_r,False
20250917SKNC12025,2025-09-17,2025-09-17T15:00:00,NC,SK,BEFORE,True,False,kbo_r,False
20250917WOOB02025,2025-09-17,2025-09-17T18:30:00,OB,WO,RESULT,False,False,kbo_r,False
20250918HHHT02025,2025-09-18,2025-09-18T18:30:00,HT,HH,RESULT,False,False,kbo_r,False
20250918LGKT12025,2025-09-18,2025-09-18T15:00:00,KT,LG,RESULT,False,False,kbo_r,False
20250918LGKT22025,2025-09-18,2025-09-18T18:30:00,KT,LG,RESULT,False,False,kbo_r,False
20250918SSNC02025,2025-09-18,2025-09-18T18:30:00,NC,SS,RESULT,False,False,kbo_r,False
20250918WOOB02025,2025-09-18,2025-09-18T18:30:00,OB,WO,RESULT,False,False,kbo_r,False
20250919HHKT02025,2025-09-19,2025-09-19T18:30:00,KT,HH,BEFORE,True,False,kbo_r,False
20250919LTNC02025,2025-09-19,2025-09-19T18:30:00,NC,LT,RESULT,False,False,kbo_r,False
20250919OBSK02025,2025-09-19,2025-09-19T18:30:00,SK,OB,BEFORE,True,False,kbo_r,False
20250920HHKT02025,2025-09-20,2025-09-20T17:00:00,KT,HH,RESULT,False,False,kbo_r,False
20250920NCHT02025,2025-09-20,2025-09-20T17:00:00,HT,NC,RESULT,False,False,kbo_r,False
20250920OBSK02025,2025-09-20,2025-09-20T17:00:00,SK,OB,RESULT,False,False,kbo_r,False
20250920SSLG02025,2025-09-20,2025-09-20T17:00:00,LG,SS,RESULT,False,False,kbo_r,False
20250920WOLT02025,2025-09-20,2025-09-20T17:00:00,LT,WO,RESULT,False,False,kbo_r,False
20250921NCHT02025,2025-09-21,2025-09-21T14:00:00,HT,NC,RESULT,False,False,kbo_r,False
20250921OBSK02025,2025-09-21,2025-09-21T14:00:00,SK,OB,RESULT,False,False,kbo_r,False
20250921SSKT02025,2025-09-21,2025-09-21T14:00:00,KT,SS,RESULT,False,False,kbo_r,False
20250922OBSK02025,2025-09-22,2025-09-22T18:30:00,SK,OB,RESULT,False,False,kbo_r,False
20250923HTSK02025,2025-09-23,2025-09-23T18:30:00,SK,HT,RESULT,False,False,kbo_r,False
20250923NCLT02025,2025-09-23,2025-09-23T18:30:00,LT,NC,RESULT,False,False,kbo_r,False
20250923OBSS02025,2025-09-23,2025-09-23T18:30:00,SS,OB,RESULT,False,False,kbo_r,False
20250923WOKT02025,2025-09-23,2025-09-23T18:30:00,KT,WO,RESULT,False,False,kbo_r,False
20250924HHSK02025,2025-09-24,2025-09-24T18:30:00,SK,HH,BEFORE,True,False,kbo_r,False
20250924HTWO02025,2025-09-24,2025-09-24T18:30:00,WO,HT,RESULT,False,False,kbo_r,False
20250924LGNC02025,2025-09-24,2025-09-24T18:30:00,NC,LG,RESULT,False,False,kbo_r,False
20250924LTSS02025,2025-09-24,2025-09-24T18:30:00,SS,LT,RESULT,False,False,kbo_r,False
20250925HHOB02025,2025-09-25,2025-09-25T18:30:00,OB,HH,RESULT,False,False,kbo_r,False
20250925KTSK02025,2025-09-25,2025-09-25T18:30:00,SK,KT,RESULT,False,False,kbo_r,False
20250925LGLT02025,2025-09-25,2025-09-25T18:30:00,LT,LG,RESULT,False,False,kbo_r,False
20250925WOSS02025,2025-09-25,2025-09-25T18:30:00,SS,WO,RESULT,False,False,kbo_r,False
20250926KTSK02025,2025-09-26,2025-09-26T18:30:00,SK,KT,RESULT,False,False,kbo_r,False
20250926LGHH02025,2025-09-26,2025-09-26T18:30:00,HH,LG,RESULT,False,False,kbo_r,False
20250926NCOB02025,2025-09-26,2025-09-26T18:30:00,OB,NC,RESULT,False,False,kbo_r,False
20250926SSLT02025,2025-09-26,2025-09-26T18:30:00,LT,SS,RESULT,False,False,kbo_r,False
20250927LGHH02025,2025-09-27,2025-09-27T17:00:00,HH,LG,RESULT,False,False,kbo_r,False
20250927NCHT02025,2025-09-27,2025-09-27T17:00:00,HT,NC,RESULT,False,False,kbo_r,False
20250927SKOB02025,2025-09-27,2025-09-27T17:00:00,OB,SK,RESULT,False,False,kbo_r,False
20250928LGHH02025,2025-09-28,2025-09-28T14:00:00,HH,LG,BEFORE,True,False,kbo_r,False
20250928LTOB02025,2025-09-28,2025-09-28T14:00:00,OB,LT,RESULT,False,False,kbo_r,False
20250928NCHT02025,2025-09-28,2025-09-28T14:00:00,HT,NC,BEFORE,True,False,kbo_r,False
20250928SSWO02025,2025-09-28,2025-09-28T14:00:00,WO,SS,RESULT,False,False,kbo_r,False
20250929LGHH02025,2025-09-29,2025-09-29T18:30:00,HH,LG,RESULT,False,False,kbo_r,False
20250929LTSK02025,2025-09-29,2025-09-29T18:30:00,SK,LT,RESULT,False,False,kbo_r,False
20250929NCHT02025,2025-09-29,2025-09-29T18:30:00,HT,NC,RESULT,False,False,kbo_r,False
20250930HTSS02025,2025-09-30,2025-09-30T18:30:00,SS,HT,RESULT,False,False,kbo_r,False
20250930KTNC02025,2025-09-30,2025-09-30T18:30:00,NC,KT,RESULT,False,False,kbo_r,False
20250930LTHH02025,2025-09-30,2025-09-30T18:30:00,HH,LT,RESULT,False,False,kbo_r,False
20250930OBLG02025,2025-09-30,2025-09-30T18:30:00,LG,OB,RESULT,False,False,kbo_r,False
20250930SKWO02025,2025-09-30,2025-09-30T18:30:00,WO,SK,RESULT,False,False,kbo_r,False
20251001HHSK02025,2025-10-01,2025-10-01T18:30:00,SK,HH,RESULT,False,False,kbo_r,False
20251001KTHT02025,2025-10-01,2025-10-01T18:30:00,HT,KT,RESULT,False,False,kbo_r,False
20251001NCLG02025,2025-10-01,2025-10-01T18:30:00,LG,NC,RESULT,False,False,kbo_r,False
20251002SKHT02025,2025-10-02,2025-10-02T18:30:00,HT,SK,RESULT,False,False,kbo_r,False
20251003HHKT02025,2025-10-03,2025-10-03T17:00:00,KT,HH,RESULT,False,False,kbo_r,False
20251003SKNC02025,2025-10-03,2025-10-03T17:00:00,NC,SK,BEFORE,True,False,kbo_r,False
20251003SSHT02025,2025-10-03,2025-10-03T17:00:00,HT,SS,BEFORE,True,False,kbo_r,False
20251004SKNC02025,2025-10-04,2025-10-04T17:00:00,NC,SK,RESULT,False,False,kbo_r,False
20251004SSHT02025,2025-10-04,2025-10-04T17:00:00,HT,SS,RESULT,False,False,kbo_r,False
