outs_when_up,base_state,run_expectancy,plate_appearances,base_state_label
0,0,0.567658,8639,---
0,1,0.962525,2535,1--
0,2,1.245902,427,-2-
0,3,1.476263,653,12-
0,4,1.436364,55,--3
0,5,1.861905,210,1-3
0,6,2.105263,95,-23
0,7,2.096386,166,123
1,0,0.306254,5884,---
1,1,0.592982,2850,1--
1,2,0.840838,955,-2-
1,3,1.082474,1164,12-
1,4,1.12892,287,--3
1,5,1.346939,490,1-3
1,6,1.55414,314,-23
1,7,1.766316,475,123
2,0,0.103864,4477,---
2,1,0.233535,2809,1--
2,2,0.377138,1111,-2-
2,3,0.471724,1450,12-
2,4,0.41048,458,--3
2,5,0.552356,764,1-3
2,6,0.629252,294,-23
2,7,0.887302,630,123
