선수명,연도,날짜,상대팀,전체구속,2Seam,4Seam,Cutter,Curve,Slider,Changeup,Sinker,Forkball,Knuckle,Other
김기중,2025,2025-06-11,두산,136.1,,144.9,,114.0,126.3,131.5,,,,
김기중,2025,2025-06-18,롯데,133.4,,143.5,,118.0,125.0,130.2,,,,
김기중,2025,2025-06-25,삼성,133.9,,142.8,,118.9,125.7,128.2,,,,
김범수,2025,2025-03-25,LG,137.4,,144.8,,,134.2,,,133.0,,
김범수,2025,2025-04-05,삼성,134.4,,,,,134.4,,,,,
김범수,2025,2025-04-06,삼성,139.2,,144.0,,,134.0,,,130.0,,
김범수,2025,2025-04-08,두산,137.6,,147.0,,,132.8,,,,,
김범수,2025,2025-04-10,두산,137.2,,148.7,,123.0,134.6,,,,,
김범수,2025,2025-04-12,키움,137.4,,146.0,,,132.7,,,,,
김범수,2025,2025-04-13,키움,140.7,,146.1,,,133.0,,,,,
김범수,2025,2025-04-16,SSG,139.9,,146.8,,,133.0,,,,,
김범수,2025,2025-04-18,NC,138.2,,145.3,,,136.2,,,134.8,,
김범수,2025,2025-04-24,롯데,140.7,,148.3,,,135.0,,,,,
김범수,2025,2025-04-27,KT,136.0,,,,,136.0,,,,,
김범수,2025,2025-05-02,KIA,141.5,,147.0,,,136.0,,,,,
김범수,2025,2025-05-06,삼성,138.6,,147.0,,,136.1,,,139.0,,
김범수,2025,2025-05-07,삼성,141.5,,146.7,,,137.7,,,133.5,,
김범수,2025,2025-05-10,키움,144.2,,148.7,,,137.5,,,,,
김범수,2025,2025-05-13,두산,148.0,,148.0,,,,,,,,
김범수,2025,2025-05-15,두산,136.3,,147.0,,117.5,135.9,,,134.0,,
김범수,2025,2025-05-18,SSG,133.8,,146.5,,108.0,133.9,,,,,
김범수,2025,2025-05-21,NC,146.8,,149.3,,,139.0,,,,,
김범수,2025,2025-05-22,NC,140.6,,150.0,,,139.0,,,138.0,,
김범수,2025,2025-05-24,롯데,137.5,,146.0,,,134.7,,,,,
김범수,2025,2025-05-27,LG,134.7,,148.7,,117.7,136.0,,,,,
김범수,2025,2025-05-29,LG,142.5,,146.2,,,135.0,,,,,
김범수,2025,2025-06-01,NC,138.2,,146.6,,,133.3,,,133.7,,
김범수,2025,2025-06-03,KT,134.9,,148.0,,117.7,134.8,,,134.8,,
김범수,2025,2025-06-05,KT,139.5,,147.9,,114.5,137.5,,,135.0,,
김범수,2025,2025-06-06,KIA,132.7,,147.5,,120.2,135.6,,,,,
김범수,2025,2025-06-07,KIA,143.3,,149.0,,,137.7,,,,,
김범수,2025,2025-06-10,두산,135.0,,149.0,,113.5,136.0,,,,,
김범수,2025,2025-06-12,두산,132.2,,,,114.0,135.8,,,,,
김범수,2025,2025-06-14,LG,140.6,,147.7,,,136.3,,,136.5,,
김범수,2025,2025-06-15,LG,148.3,,148.2,,,,,,,,
김범수,2025,2025-06-18,롯데,136.3,,147.8,,112.0,139.0,,,,,
김범수,2025,2025-06-22,키움,133.1,,148.7,,119.5,135.7,,,,,
김범수,2025,2025-06-29,SSG,136.0,,148.3,,117.0,137.0,,,,,
김범수,2025,2025-07-01,NC,138.2,,149.3,,114.0,133.7,,,138.7,,
김범수,2025,2025-07-03,NC,141.9,,147.1,,,135.4,,,132.0,,
김범수,2025,2025-07-04,키움,134.4,,147.7,,120.3,137.0,,,,,
김범수,2025,2025-07-06,키움,134.2,,146.8,,110.0,132.3,,,138.0,,
김범수,2025,2025-07-08,KIA,137.2,,146.2,,111.0,133.7,,,137.2,,
김범수,2025,2025-07-10,KIA,136.3,,,,,136.2,,,,,
김서현,2025,2025-03-22,KT,152.3,,155.6,,,137.5,,,,,
김서현,2025,2025-03-23,KT,150.4,,154.6,,,145.0,136.0,,,,
김서현,2025,2025-03-27,LG,141.7,,152.0,,,136.5,,,,,
김서현,2025,2025-03-28,KIA,146.1,,152.8,,,136.8,143.0,,,,
김서현,2025,2025-03-29,KIA,145.0,,151.5,,,134.7,,,,,
김서현,2025,2025-04-04,삼성,147.3,,155.7,,,139.0,,,,,
김서현,2025,2025-04-05,삼성,151.3,,156.0,,,142.5,147.7,,,,
김서현,2025,2025-04-08,두산,142.7,,154.0,,,137.9,,,,,
김서현,2025,2025-04-09,두산,146.1,,152.3,,,137.3,143.0,,,,
김서현,2025,2025-04-13,키움,149.1,,155.6,,,131.7,,,,,
김서현,2025,2025-04-15,SSG,144.3,,155.4,,,135.3,145.0,,,,
김서현,2025,2025-04-17,SSG,150.9,,155.6,,,134.5,,,,,
김서현,2025,2025-04-23,롯데,147.6,,153.8,,,139.3,,,,,
김서현,2025,2025-04-25,KT,148.1,,152.1,,,135.8,134.0,,,,
김서현,2025,2025-04-26,KT,150.8,,155.2,,,142.0,,,,,
김서현,2025,2025-04-29,LG,146.9,,153.7,,,135.0,,,,,
김서현,2025,2025-04-30,LG,147.4,,154.8,,,138.4,147.5,,,,
김서현,2025,2025-05-02,KIA,147.7,,153.8,,,131.7,,,,,
김서현,2025,2025-05-04,KIA,149.8,,157.5,,,137.2,140.7,,,,
김서현,2025,2025-05-05,삼성,150.4,,152.8,,,141.0,140.0,,,,
김서현,2025,2025-05-07,삼성,148.8,,155.3,,,137.5,,,,,
김서현,2025,2025-05-09,키움,149.1,,154.0,,,136.0,,,,,
김서현,2025,2025-05-13,두산,146.7,153.0,157.1,,,135.6,,,,,
김서현,2025,2025-05-17,SSG,144.8,154.0,155.0,,,137.0,,,,,
김서현,2025,2025-05-20,NC,150.7,,155.2,,,137.5,145.0,,,,
김서현,2025,2025-05-23,롯데,143.5,,153.7,,,135.4,146.0,,,,
김서현,2025,2025-05-24,롯데,144.1,,154.2,,,136.0,148.0,,,,
김서현,2025,2025-05-28,LG,146.2,,153.0,,,135.3,144.0,,,,
김서현,2025,2025-05-31,NC,147.8,,154.1,,,134.7,,,,,
김서현,2025,2025-06-04,KT,147.1,,153.7,,,135.8,140.3,,,,
김서현,2025,2025-06-07,KIA,144.0,,154.4,,,132.5,,,,,
김서현,2025,2025-06-08,KIA,149.7,,156.1,,,139.8,147.0,,,,
김서현,2025,2025-06-10,두산,153.5,,153.5,,,,,,,,
김서현,2025,2025-06-12,두산,143.5,,153.4,,,132.9,144.0,,,,
김서현,2025,2025-06-14,LG,145.8,,153.4,,,133.2,,,,,
김서현,2025,2025-06-19,롯데,152.3,,152.3,,,,,,,,
김서현,2025,2025-06-22,키움,145.8,,152.7,,,133.0,138.0,,,,
김서현,2025,2025-06-26,삼성,145.3,,153.1,,,133.4,143.0,,,,
김서현,2025,2025-06-28,SSG,143.6,,153.4,,,130.4,,,,,
김서현,2025,2025-07-03,NC,145.3,,153.4,,,134.1,,,,,
김서현,2025,2025-07-04,키움,151.4,,154.2,,,136.0,,,,,
김서현,2025,2025-07-09,KIA,148.1,,154.6,,,137.3,,,,,
김종수,2025,2025-03-25,LG,138.3,,143.2,,120.0,129.5,,,,,
김종수,2025,2025-03-26,LG,137.0,,143.3,,121.0,130.7,,,,,
김종수,2025,2025-03-29,KIA,138.3,,143.8,,122.5,130.3,135.0,,,,
김종수,2025,2025-04-02,롯데,139.0,,142.8,,122.0,131.2,132.0,,,,
김종수,2025,2025-04-05,삼성,140.7,,144.5,,,130.0,,,,,
김종수,2025,2025-04-06,삼성,136.6,,144.5,,121.3,131.0,,,,,
김종수,2025,2025-04-08,두산,135.3,,144.7,,120.5,131.8,,,,,
김종수,2025,2025-04-10,두산,137.2,,144.0,,121.0,130.8,,,,,
김종수,2025,2025-04-12,키움,136.0,,144.7,,121.7,131.1,135.0,,,,
김종수,2025,2025-04-16,SSG,135.0,,145.3,,121.5,131.0,,,,,
김종수,2025,2025-04-18,NC,143.9,,145.2,,,132.0,,,,,
김종수,2025,2025-04-24,롯데,137.1,,145.8,,124.7,134.0,,,,,
김종수,2025,2025-04-27,KT,140.3,,147.8,,,130.3,,,,,
김종수,2025,2025-05-02,KIA,135.7,,146.0,,122.5,,133.5,,,,
김종수,2025,2025-05-07,삼성,142.1,,146.2,,,134.0,,,,,
김종수,2025,2025-05-09,키움,135.2,,144.7,,123.3,132.8,,,,,
김종수,2025,2025-05-11,키움,137.3,,144.0,,124.0,,,,,,
김종수,2025,2025-05-13,두산,135.6,,145.4,,124.0,133.2,,,,,
김종수,2025,2025-05-15,두산,139.9,,145.4,,122.5,133.8,,,,,
김종수,2025,2025-05-17,SSG,141.1,,145.7,,123.0,133.0,,,,,
김종수,2025,2025-05-18,SSG,131.5,,145.0,,122.8,133.5,,,,,
김종수,2025,2025-05-21,NC,138.9,,146.9,,125.0,134.1,,,133.0,,
김종수,2025,2025-05-22,NC,138.8,,145.8,,125.0,133.4,,,133.5,,
김종수,2025,2025-05-24,롯데,142.7,,145.6,,124.0,135.0,,,,,
김종수,2025,2025-05-27,LG,142.0,,145.0,,,136.0,,,,,
김종수,2025,2025-06-07,KIA,141.1,,146.7,,121.0,136.6,,,,,
김종수,2025,2025-06-08,KIA,140.3,,146.2,,125.0,,,,136.0,,
김종수,2025,2025-06-11,두산,142.4,,146.0,,,135.3,,,,,
김종수,2025,2025-06-15,LG,140.1,,146.2,,123.5,135.8,,,138.0,,
김종수,2025,2025-06-17,롯데,143.2,,146.8,,125.0,136.8,,,,,
김종수,2025,2025-06-22,키움,141.5,,145.5,,125.5,,,,,,
김종수,2025,2025-06-25,삼성,139.0,,145.7,,122.4,134.0,,,,,
김종수,2025,2025-06-29,SSG,137.9,,147.5,,124.4,135.8,,,,,
김종수,2025,2025-07-01,NC,141.7,,146.7,,125.0,136.8,,,,,
김종수,2025,2025-07-03,NC,138.5,,146.6,,125.4,135.0,,,135.0,,
김종수,2025,2025-07-04,키움,139.4,,148.0,,126.5,,,,,,
김종수,2025,2025-07-06,키움,142.3,,146.0,,,135.0,,,,,
김종수,2025,2025-07-08,KIA,137.5,,147.0,,125.8,134.4,,,,,
김종수,2025,2025-07-10,KIA,139.1,,147.8,,124.0,136.2,,,135.3,,
박상원,2025,2025-03-22,KT,139.0,,146.1,,,133.2,,,132.5,,
박상원,2025,2025-03-23,KT,140.4,,148.3,,,133.5,,,135.5,,
박상원,2025,2025-03-25,LG,141.9,,146.9,,,132.7,,,136.4,,
박상원,2025,2025-03-28,KIA,143.2,,145.7,,,135.0,,,134.5,,
박상원,2025,2025-04-03,롯데,142.2,,146.4,,,,,,133.8,,
박상원,2025,2025-04-05,삼성,139.4,,146.5,,,133.3,,,133.2,,
박상원,2025,2025-04-08,두산,136.4,,146.0,,,132.0,,,135.0,,
박상원,2025,2025-04-09,두산,140.4,,146.2,,,133.0,,,133.5,,
박상원,2025,2025-04-11,키움,140.9,,147.1,,,132.9,,,135.0,,
박상원,2025,2025-04-13,키움,137.2,,146.8,,,132.2,,,135.0,,
박상원,2025,2025-04-16,SSG,140.9,,147.0,,,132.0,,,134.3,,
박상원,2025,2025-04-17,SSG,139.9,,148.2,,,133.7,,,135.4,,
박상원,2025,2025-04-20,NC,139.8,,146.0,,,133.5,,,,,
박상원,2025,2025-04-23,롯데,142.4,,148.5,,,134.0,,,136.1,,
박상원,2025,2025-04-24,롯데,139.0,,146.0,,,132.0,,,,,
박상원,2025,2025-04-29,LG,139.5,,148.0,,,,,,134.2,,
박상원,2025,2025-05-02,KIA,141.0,,148.8,,,134.6,,,136.2,,
박상원,2025,2025-05-05,삼성,139.9,,147.8,,,135.3,,,136.0,,
박상원,2025,2025-05-06,삼성,141.1,,148.4,,,136.8,,,136.3,,
박상원,2025,2025-05-09,키움,142.6,,148.4,,,136.0,,,136.5,,
박상원,2025,2025-05-10,키움,139.2,,145.9,,,133.7,,,135.0,,
박상원,2025,2025-05-13,두산,139.6,,146.7,,,134.3,,,137.0,,
박상원,2025,2025-05-18,SSG,143.2,,148.1,,,134.9,,,135.5,,
박상원,2025,2025-05-20,NC,142.8,,147.9,,,135.0,,,136.0,,
박상원,2025,2025-05-22,NC,140.5,,146.1,,,133.3,,,134.7,,
박상원,2025,2025-05-24,롯데,138.7,,145.8,,,132.8,,,134.0,,
박상원,2025,2025-05-25,롯데,143.2,,147.1,,,135.0,,,134.3,,
박상원,2025,2025-05-27,LG,142.7,,148.5,,,134.0,,,136.4,,
박상원,2025,2025-05-28,LG,138.7,,146.3,,,134.0,,,134.5,,
박상원,2025,2025-05-30,NC,143.1,,148.6,,,135.0,,,137.5,,
박상원,2025,2025-05-31,NC,142.4,,148.2,,,,,,137.4,,
박상원,2025,2025-06-04,KT,138.4,,145.5,,,133.0,,,134.0,,
박상원,2025,2025-06-07,KIA,142.6,,148.2,,,133.5,,,135.2,,
박상원,2025,2025-06-08,KIA,144.2,,148.2,,,136.0,,,136.2,,
박상원,2025,2025-06-11,두산,143.5,,148.5,,,134.8,,,136.0,,
박상원,2025,2025-06-12,두산,138.4,,147.7,,,133.8,,,134.0,,
박상원,2025,2025-06-14,LG,140.8,,146.6,,,132.8,,,134.8,,
박상원,2025,2025-06-15,LG,139.5,,147.4,,,133.5,,,134.3,,
박상원,2025,2025-06-19,롯데,139.2,,147.9,,,134.0,,,135.3,,
박상원,2025,2025-06-22,키움,141.4,,147.0,,,134.8,,,138.5,,
박상원,2025,2025-06-26,삼성,140.5,,147.8,,,134.4,,,134.0,,
박상원,2025,2025-06-27,SSG,139.4,,146.2,,,135.7,,,134.0,,
박상원,2025,2025-06-29,SSG,140.8,,147.5,,,136.3,,,,,
박상원,2025,2025-07-02,NC,140.9,,146.3,,,134.9,,,134.0,,
박상원,2025,2025-07-03,NC,141.6,,147.0,,,134.2,,,135.0,,
박상원,2025,2025-07-05,키움,143.6,,148.5,,,134.5,,,134.5,,
박상원,2025,2025-07-08,KIA,141.1,,148.0,,,135.3,,,136.4,,
박상원,2025,2025-07-09,KIA,141.8,,148.5,,,137.5,,,135.4,,
정우주,2025,2025-03-23,KT,150.1,,154.1,,124.0,135.0,,,,,
정우주,2025,2025-03-25,LG,149.1,,150.6,,126.0,,,,,,
정우주,2025,2025-03-30,KIA,148.4,,151.1,,,135.0,,,,,
정우주,2025,2025-04-02,롯데,144.2,,150.6,,123.0,134.2,,,,,
정우주,2025,2025-04-04,삼성,150.7,,153.6,,,134.0,,,,,
정우주,2025,2025-04-05,삼성,150.2,,153.0,,,136.0,,,,,
정우주,2025,2025-04-08,두산,149.7,,152.2,,,136.3,,,,,
정우주,2025,2025-04-11,키움,149.0,,150.5,,128.0,133.0,,,,,
정우주,2025,2025-04-17,SSG,152.7,,153.9,,,138.0,,,,,
정우주,2025,2025-04-18,NC,148.2,,150.8,,126.5,135.0,,,,,
정우주,2025,2025-04-24,롯데,147.5,,153.2,,127.0,134.5,,,,,
정우주,2025,2025-04-25,KT,149.2,,150.6,,,135.0,,,,,
정우주,2025,2025-04-27,KT,148.6,,151.2,,128.0,133.0,,,,,
정우주,2025,2025-05-02,KIA,150.9,,151.4,,,138.0,,,,,
정우주,2025,2025-05-06,삼성,150.8,,150.8,,,,,,,,
정우주,2025,2025-05-10,키움,144.9,,152.6,,131.0,135.0,134.3,,,,
정우주,2025,2025-05-13,두산,147.3,,150.5,,,130.5,133.0,,,,
정우주,2025,2025-05-15,두산,145.2,,150.6,,123.0,130.0,131.0,,,,
정우주,2025,2025-05-17,SSG,151.5,,151.5,,,,,,,,
정우주,2025,2025-05-18,SSG,146.7,,150.9,,125.5,,,,,,
정우주,2025,2025-05-21,NC,147.2,,151.1,,127.0,132.0,,,,,
정우주,2025,2025-05-25,롯데,147.2,,149.2,,,131.0,,,,,
정우주,2025,2025-05-27,LG,145.5,,151.7,,127.0,,,,,,
정우주,2025,2025-05-29,LG,146.6,,151.2,,,135.0,,,,,
정우주,2025,2025-06-01,NC,148.1,,150.5,,,134.5,,,,,
정우주,2025,2025-06-03,KT,146.6,,150.6,,,136.0,,,,,
정우주,2025,2025-06-05,KT,145.8,,149.9,,,133.2,,,,,
정우주,2025,2025-06-08,KIA,148.5,,151.6,,,133.0,,,,,
정우주,2025,2025-06-10,두산,142.8,,148.1,,122.0,132.0,,,,,
조동욱,2025,2025-03-27,LG,138.1,,144.7,,,130.0,128.3,,,,
조동욱,2025,2025-03-30,KIA,134.2,,143.3,,,126.5,130.0,,,,
조동욱,2025,2025-04-02,롯데,136.1,,144.2,,,124.9,128.0,,,,
조동욱,2025,2025-04-05,삼성,134.8,,143.0,,121.0,124.0,,,,,
조동욱,2025,2025-04-06,삼성,137.0,,144.9,,,128.7,127.0,,,,
조동욱,2025,2025-04-08,두산,134.9,,142.8,,,125.0,,,,,
조동욱,2025,2025-04-11,키움,136.8,,143.9,,,125.0,120.0,,,,
조동욱,2025,2025-04-12,키움,134.8,,142.4,,120.0,124.4,127.1,,,,
조동욱,2025,2025-04-16,SSG,138.6,,145.2,,,126.5,130.0,,,,
조동욱,2025,2025-04-17,SSG,137.6,,143.8,,,124.0,134.0,,,,
조동욱,2025,2025-04-20,NC,138.7,,143.5,,,,129.0,,,,
조동욱,2025,2025-05-02,KIA,135.0,,142.2,,,,125.3,,,,
조동욱,2025,2025-05-06,삼성,138.8,,143.8,,,129.0,,,,,
조동욱,2025,2025-05-07,삼성,138.6,,144.4,,,124.0,,,,,
조동욱,2025,2025-05-09,키움,134.5,,142.2,,119.0,123.7,129.0,,,,
조동욱,2025,2025-05-13,두산,130.1,,141.5,,,126.3,,,,,
조동욱,2025,2025-05-14,두산,132.7,,143.5,,,125.6,128.5,,,,
조동욱,2025,2025-05-17,SSG,141.1,,144.5,,,127.5,,,,,
조동욱,2025,2025-05-18,SSG,134.4,,142.6,,,124.0,128.5,,,,
조동욱,2025,2025-05-21,NC,134.2,,143.7,,,127.1,,,,,
조동욱,2025,2025-05-24,롯데,134.2,,141.0,,,124.0,,,,,
조동욱,2025,2025-05-25,롯데,135.1,,143.7,,,125.8,127.5,,,,
조동욱,2025,2025-05-27,LG,132.5,,143.5,,,126.7,128.0,,,,
조동욱,2025,2025-05-28,LG,136.0,,144.0,,,126.3,125.2,,,,
조동욱,2025,2025-06-01,NC,137.9,,143.6,,,122.7,,,,,
조동욱,2025,2025-06-04,KT,134.2,,143.4,,,125.0,,,,,
조동욱,2025,2025-06-05,KT,134.1,,143.4,,,126.2,129.4,,,,
조동욱,2025,2025-06-11,두산,134.3,,143.3,,116.0,125.3,129.1,,,,
조동욱,2025,2025-06-15,LG,134.7,,144.0,,,127.0,,,,,
조동욱,2025,2025-06-19,롯데,138.8,,143.3,,,125.0,,,,,
조동욱,2025,2025-06-22,키움,133.2,,144.0,,,127.3,129.0,,,,
조동욱,2025,2025-06-25,삼성,138.1,,143.7,,,127.6,128.0,,,,
조동욱,2025,2025-06-27,SSG,136.2,,144.7,,,128.5,127.3,,,,
조동욱,2025,2025-06-29,SSG,135.8,,144.3,,,126.0,128.0,,,,
조동욱,2025,2025-07-02,NC,134.8,,144.2,,120.0,126.0,129.0,,,,
조동욱,2025,2025-07-03,NC,133.5,,143.8,,,128.9,129.0,,,,
조동욱,2025,2025-07-06,키움,134.7,,144.3,,,126.3,126.0,,,,
조동욱,2025,2025-07-08,KIA,132.2,,145.4,,,127.4,125.5,,,,
조동욱,2025,2025-07-09,KIA,137.4,,143.9,,,127.4,131.5,,,,
주현상,2025,2025-03-22,KT,141.4,,146.2,,,133.5,131.0,,,,
주현상,2025,2025-03-23,KT,138.7,,144.0,,,,128.0,,,,
주현상,2025,2025-03-26,LG,139.6,,143.7,,,136.0,128.0,,,,
주현상,2025,2025-05-15,두산,136.3,,146.9,,124.8,135.4,130.0,,,,
주현상,2025,2025-05-18,SSG,139.2,,144.5,,124.0,135.3,130.8,,,,
주현상,2025,2025-05-21,NC,138.7,,145.1,,120.0,136.5,129.7,,,,
주현상,2025,2025-05-22,NC,136.7,,144.4,,124.7,134.1,129.2,,,,
주현상,2025,2025-05-24,롯데,139.6,,145.7,,,134.2,132.0,,,,
주현상,2025,2025-05-25,롯데,135.5,,143.6,,123.2,131.4,129.5,,,,
주현상,2025,2025-05-27,LG,135.1,,143.6,,121.0,133.3,126.7,,,,
주현상,2025,2025-05-29,LG,138.5,,145.6,,124.0,,132.2,,,,
주현상,2025,2025-05-31,NC,134.6,,143.6,,123.3,134.7,130.7,,,,
주현상,2025,2025-06-01,NC,140.6,,146.3,,,133.0,131.0,,,,
주현상,2025,2025-06-04,KT,138.1,,145.8,,124.0,136.0,,,,,
주현상,2025,2025-06-06,KIA,137.6,,144.5,,122.0,134.2,129.6,,,,
주현상,2025,2025-06-07,KIA,136.7,,146.0,,125.0,135.5,131.0,,,,
주현상,2025,2025-06-11,두산,141.6,,146.7,,,137.4,132.0,,,,
주현상,2025,2025-06-12,두산,140.0,,145.0,,123.0,136.0,,,,,
주현상,2025,2025-06-14,LG,134.5,,146.0,,124.0,135.4,131.8,,,,
주현상,2025,2025-06-19,롯데,137.1,,143.3,,,133.3,132.0,,,,
주현상,2025,2025-06-22,키움,138.6,,145.1,,123.0,132.5,131.6,,,,
주현상,2025,2025-06-27,SSG,138.7,,145.8,,123.0,134.2,132.0,,,,
주현상,2025,2025-06-28,SSG,140.3,,146.8,,125.0,133.0,131.3,,,,
주현상,2025,2025-07-01,NC,140.9,,146.8,,124.0,135.7,,,,,
주현상,2025,2025-07-03,NC,134.0,,144.5,,124.5,134.8,129.0,,,,
주현상,2025,2025-07-05,키움,138.2,,145.9,,125.0,135.4,131.5,,,,
주현상,2025,2025-07-08,KIA,136.6,,146.5,,127.0,136.5,131.5,,,,
주현상,2025,2025-07-09,KIA,137.5,,145.5,,121.0,136.0,130.2,,,,
한승혁,2025,2025-03-22,KT,144.4,,148.3,,,135.5,,,,,
한승혁,2025,2025-03-23,KT,141.2,,146.5,,,137.7,,,,,
한승혁,2025,2025-03-27,LG,142.5,,149.7,,119.0,136.0,,,134.7,,
한승혁,2025,2025-03-30,KIA,138.5,,147.6,,117.0,136.0,,,,,
한승혁,2025,2025-04-03,롯데,139.8,,148.2,,,134.6,,,137.0,,
한승혁,2025,2025-04-06,삼성,139.3,149.0,150.8,,117.5,135.9,,,,,
한승혁,2025,2025-04-08,두산,143.3,149.7,148.9,,116.0,138.3,,,135.5,,
한승혁,2025,2025-04-09,두산,144.3,149.4,,,,137.0,,,,,
한승혁,2025,2025-04-13,키움,143.1,150.5,149.3,,120.0,136.2,,,,,
한승혁,2025,2025-04-15,SSG,141.6,,149.6,,118.5,135.5,,,138.5,,
한승혁,2025,2025-04-16,SSG,139.9,146.0,149.5,,,133.0,,,135.2,,
한승혁,2025,2025-04-20,NC,149.7,,151.0,,,143.0,,,,,
한승혁,2025,2025-04-23,롯데,142.3,150.5,149.7,,,136.7,,,,,
한승혁,2025,2025-04-25,KT,143.0,149.5,149.5,,,135.8,,,137.0,,
한승혁,2025,2025-04-26,KT,137.1,149.0,150.0,,118.0,136.0,,,135.5,,
한승혁,2025,2025-04-27,KT,142.0,148.0,149.0,,119.0,137.5,,,138.0,,
한승혁,2025,2025-04-29,LG,142.3,151.0,150.8,,119.5,139.4,,,,,
한승혁,2025,2025-04-30,LG,138.9,148.0,149.0,,120.0,138.0,,,140.0,,
한승혁,2025,2025-05-02,KIA,141.9,149.0,150.0,,120.5,135.0,,,137.0,,
한승혁,2025,2025-05-04,KIA,137.5,150.5,,,117.0,136.0,,,137.1,,
한승혁,2025,2025-05-06,삼성,141.8,,149.4,,,137.2,,,136.8,,
한승혁,2025,2025-05-09,키움,141.7,,148.0,,119.0,137.0,,,,,
한승혁,2025,2025-05-13,두산,138.5,149.5,149.2,,118.0,135.2,,,135.0,,
한승혁,2025,2025-05-20,NC,140.4,148.5,149.8,,118.3,137.0,,,138.1,,
한승혁,2025,2025-05-24,롯데,138.4,149.0,148.2,,118.0,136.0,,,136.0,,
한승혁,2025,2025-05-25,롯데,140.6,150.0,150.6,,117.2,137.7,,,136.8,,
한승혁,2025,2025-05-28,LG,135.5,,149.5,,117.3,137.0,,,134.7,,
한승혁,2025,2025-05-30,NC,139.8,,148.8,,,133.8,,,136.7,,
한승혁,2025,2025-05-31,NC,137.6,,149.2,,118.0,137.5,,,135.3,,
한승혁,2025,2025-06-04,KT,137.7,,147.4,,114.7,133.5,,,,,
한승혁,2025,2025-06-07,KIA,139.6,149.0,149.8,,117.7,,,,136.0,,
한승혁,2025,2025-06-08,KIA,138.5,148.0,148.7,,114.5,134.5,,,135.5,,
한승혁,2025,2025-06-10,두산,146.9,148.2,149.0,,,136.0,,,,,
한승혁,2025,2025-06-12,두산,135.9,147.5,149.0,,117.0,137.5,,,135.5,,
한승혁,2025,2025-06-14,LG,142.8,149.2,,,,137.5,,,135.0,,
한승혁,2025,2025-06-15,LG,140.7,146.7,147.8,,115.0,135.3,,,136.0,,
한승혁,2025,2025-06-19,롯데,148.0,149.0,148.9,,,139.0,,,,,
한승혁,2025,2025-06-22,키움,137.6,,145.2,,114.0,135.3,,,,,
한승혁,2025,2025-06-26,삼성,136.5,,148.4,,114.0,135.2,,,134.0,,
한승혁,2025,2025-06-27,SSG,140.8,,147.1,,114.0,132.7,,,,,
한승혁,2025,2025-07-02,NC,136.5,,146.2,,115.0,135.5,,,,,
한승혁,2025,2025-07-03,NC,143.7,148.5,148.8,,,137.0,,,137.0,,
한승혁,2025,2025-07-05,키움,138.5,,148.4,,115.5,136.3,,,136.0,,
한승혁,2025,2025-07-09,KIA,137.6,147.5,147.8,,115.0,133.0,,,135.2,,
한승혁,2025,2025-07-10,KIA,135.5,,147.5,,,133.7,,,133.0,,
황준서,2025,2025-05-21,NC,134.4,,143.0,,108.0,132.5,,,125.3,,
황준서,2025,2025-05-27,LG,135.9,,143.0,,110.0,123.7,,,125.5,,
황준서,2025,2025-06-01,NC,134.5,,142.6,,108.9,,,,125.6,,
황준서,2025,2025-06-07,KIA,131.7,,142.0,,107.5,,,,124.7,,
황준서,2025,2025-06-15,LG,138.2,,144.4,,,,,,124.0,,
황준서,2025,2025-06-19,롯데,135.4,,143.8,,110.0,,,,126.4,,
황준서,2025,2025-06-29,SSG,140.8,,143.7,,,,,,126.0,,
황준서,2025,2025-07-01,NC,132.8,,143.2,,109.0,,,,126.3,,
황준서,2025,2025-07-05,키움,136.9,,144.8,,,130.0,,,124.5,,
황준서,2025,2025-07-10,KIA,134.4,,143.3,,108.0,,,,127.9,,
