PlayerName,Year,Team,Date,Opp,Role,Dec,ERA,WHIP,IP,NP,R,ER,H,HR,SO,BB,HB,GS,Venue,Stadium,Time,Temp
김선기,2024,Kiwoom,2024-09-30,@ SSG,RP,,27.0,4.5,0 ⅔,24,3,2,2,1,0,1,0,,Away,인천 SSG 랜더스필드,18:30,25.0
김선기,2024,Kiwoom,2024-09-28,@ KT,RP,,18.0,3.0,1,29,2,2,3,0,0,0,0,,Away,수원 KT 위즈파크,17:00,26.4
김선기,2024,Kiwoom,2024-09-26,@ LG,RP,,9.0,2.0,1,20,1,1,2,0,1,0,0,,Away,잠실 야구장,18:30,26.5
김선기,2024,Kiwoom,2024-09-25,@ Samsung,RP,,0.0,0.0,1,14,0,0,0,0,1,0,0,,Away,대구 삼성 라이온즈 파크,18:30,26.2
김선기,2024,Kiwoom,2024-09-19,@ SSG,RP,,0.0,,0,11,3,3,4,1,0,0,0,,Away,인천 SSG 랜더스필드,18:30,31.2
김선기,2024,Kiwoom,2024-09-16,@ Doosan,RP,,0.0,0.75,1 ⅓,31,0,0,0,0,1,1,1,,Away,잠실 야구장,18:30,31.5
김선기,2024,Kiwoom,2024-09-15,@ Kia,RP,,54.0,9.0,0 ⅓,17,2,2,3,0,0,0,0,,Away,광주 기아 챔피언스 필드,14:00,33.5
김선기,2024,Kiwoom,2024-09-11,@ LG,RP,W,0.0,1.2,1 ⅔,27,0,0,1,0,1,1,0,,Away,잠실 야구장,18:30,30.6
김선기,2024,Kiwoom,2024-09-07,@ Kia,RP,,0.0,0.75,4,45,0,0,3,0,3,0,0,,Away,광주 기아 챔피언스 필드,17:00,28.8
김선기,2024,Kiwoom,2024-09-05,@ NC,RP,,0.0,2.0,1,16,0,0,2,0,1,0,0,,Away,창원 NC 파크,18:30,30.9
김선기,2024,Kiwoom,2024-08-28,vs. Samsung,RP,,6.0,1.67,3,59,2,2,3,1,3,2,0,,Home,고척 스카이돔,18:30,25.5
김선기,2024,Kiwoom,2024-08-23,vs. LG,RP,W,0.0,1.5,0 ⅔,12,0,0,0,0,0,1,0,,Home,고척 스카이돔,18:30,25.5
김선기,2024,Kiwoom,2024-08-22,@ KT,RP,L,9.0,1.0,1,20,1,1,1,1,0,0,0,,Away,수원 KT 위즈파크,18:30,30.4
김선기,2024,Kiwoom,2024-08-20,@ KT,RP,,0.0,4.5,0 ⅔,25,0,0,0,0,1,3,0,,Away,수원 KT 위즈파크,18:30,33.8
김선기,2024,Kiwoom,2024-08-16,@ Lotte,RP,,0.0,0.6,3 ⅓,49,0,0,2,0,2,0,0,,Away,사직 야구장,18:30,31.3
김선기,2024,Kiwoom,2024-08-15,vs. Kia,RP,,0.0,0.0,1,11,0,0,0,0,0,0,0,,Home,고척 스카이돔,18:30,25.5
김선기,2024,Kiwoom,2024-08-10,@ Hanwha,RP,W,0.0,0.0,3 ⅔,42,0,0,0,0,2,0,0,,Away,대전 한화생명 볼파크,18:00,31.0
김선기,2024,Kiwoom,2024-08-03,@ Doosan,RP,,9.0,2.0,1,20,1,1,2,0,1,0,0,,Away,잠실 야구장,18:00,34.1
김선기,2024,Kiwoom,2024-08-02,@ Doosan,RP,W,0.0,2.0,1,20,0,0,1,0,0,1,0,,Away,잠실 야구장,18:30,33.3
김선기,2024,Kiwoom,2024-07-30,vs. NC,RP,,9.0,2.0,1,19,1,1,2,1,0,0,0,,Home,고척 스카이돔,18:30,25.5
김선기,2024,Kiwoom,2024-07-19,@ SSG,SP,L,15.0,2.33,3,72,5,5,5,1,1,2,1,27.0,Away,인천 SSG 랜더스필드,18:30,29.0
김선기,2024,Kiwoom,2024-07-12,@ NC,RP,,0.0,0.67,3,49,0,0,2,0,3,0,0,,Away,창원 NC 파크,18:30,29.3
김선기,2024,Kiwoom,2024-06-28,@ Kia,RP,,0.0,1.0,2,32,0,0,2,0,2,0,0,,Away,광주 기아 챔피언스 필드,18:30,30.0
김선기,2024,Kiwoom,2024-06-25,vs. NC,RP,,0.0,,0,13,3,2,2,1,0,1,0,,Home,고척 스카이돔,18:30,25.5
김선기,2024,Kiwoom,2024-06-20,@ Hanwha,RP,,0.0,2.0,1,17,0,0,2,0,2,0,0,,Away,대전 한화생명 볼파크,18:30,26.2
김선기,2024,Kiwoom,2024-06-18,@ Hanwha,RP,,0.0,0.5,2,25,0,0,1,0,2,0,0,,Away,대전 한화생명 볼파크,18:30,30.1
김선기,2024,Kiwoom,2024-06-13,@ Lotte,RP,,27.0,3.0,1,21,3,3,3,0,0,0,0,,Away,사직 야구장,18:30,27.1
김선기,2024,Kiwoom,2024-06-08,vs. Samsung,RP,,0.0,1.0,1,18,1,0,1,0,1,0,0,,Home,고척 스카이돔,17:00,25.5
김선기,2024,Kiwoom,2024-06-06,@ LG,RP,,0.0,0.75,1 ⅓,23,0,0,0,0,1,1,0,,Away,잠실 야구장,18:30,26.7
김선기,2024,Kiwoom,2024-06-04,@ LG,RP,,9.0,3.0,1,22,1,1,2,0,2,1,0,,Away,잠실 야구장,18:30,25.9
김선기,2024,Kiwoom,2024-06-01,vs. SSG,RP,,13.5,3.0,1 ⅓,22,2,2,4,1,0,0,0,,Home,고척 스카이돔,17:00,25.5
김선기,2024,Kiwoom,2024-05-30,@ Samsung,RP,,0.0,1.0,2,29,0,0,1,0,1,1,0,,Away,대구 삼성 라이온즈 파크,18:30,20.5
김선기,2024,Kiwoom,2024-05-24,@ KT,RP,L,9.0,3.0,1,19,1,1,2,1,0,1,0,,Away,수원 KT 위즈파크,18:30,22.5
김선기,2024,Kiwoom,2024-05-19,vs. SSG,RP,,0.0,0.0,1,14,0,0,0,0,2,0,1,,Home,고척 스카이돔,14:00,25.5
김선기,2024,Kiwoom,2024-05-18,vs. SSG,RP,,0.0,1.0,1,14,0,0,0,0,1,1,0,,Home,고척 스카이돔,17:00,25.5
김선기,2024,Kiwoom,2024-05-12,@ Hanwha,RP,,9.0,2.0,2,36,2,2,3,0,1,1,0,,Away,대전 한화생명 볼파크,14:00,22.2
김선기,2024,Kiwoom,2024-04-25,vs. Kia,RP,,33.75,5.25,1 ⅓,34,5,5,7,1,0,0,1,,Home,고척 스카이돔,18:30,25.5
김선기,2024,Kiwoom,2024-04-19,@ Doosan,SP,,9.0,2.0,3,45,4,3,5,1,1,1,0,35.0,Away,잠실 야구장,18:30,21.1
김선기,2024,Kiwoom,2024-04-13,vs. Lotte,SP,W,1.5,1.33,6,89,1,1,7,0,2,1,2,53.0,Home,고척 스카이돔,17:00,25.5
김선기,2024,Kiwoom,2024-04-07,vs. Hanwha,SP,,1.8,1.2,5,71,1,1,3,1,1,3,0,55.0,Home,고척 스카이돔,14:00,25.5
김선기,2024,Kiwoom,2024-04-02,@ Samsung,SP,W,1.8,0.8,5,63,1,1,3,0,3,1,0,59.0,Away,대구 삼성 라이온즈 파크,18:30,16.8
김선기,2024,Kiwoom,2024-03-27,@ NC,SP,L,11.25,2.5,4,79,5,5,5,1,0,5,0,27.0,Away,창원 NC 파크,18:30,11.8
김선기,2023,Kiwoom,2023-10-10,vs. Samsung,SP,,0.0,1.2,5,69,0,0,4,0,1,2,0,58.0,Home,고척 스카이돔,18:30,25.5
김선기,2023,Kiwoom,2023-09-29,vs. Kia,SP,L,10.8,2.0,5,93,6,6,9,1,2,1,0,26.0,Home,고척 스카이돔,18:30,25.5
김선기,2023,Kiwoom,2023-09-19,@ Lotte,SP,,6.75,1.25,4,69,3,3,4,0,3,1,0,44.0,Away,사직 야구장,18:30,27.8
김선기,2023,Kiwoom,2023-09-08,vs. Hanwha,SP,,1.8,0.8,5,74,4,1,3,1,4,1,0,54.0,Home,고척 스카이돔,18:30,25.5
김선기,2023,Kiwoom,2023-09-02,vs. KT,SP,W,0.0,0.83,6,96,0,0,3,0,2,2,1,65.0,Home,고척 스카이돔,17:00,25.5
김선기,2023,Kiwoom,2023-08-27,@ Samsung,SP,L,9.0,2.2,5,84,5,5,8,0,2,3,0,30.0,Away,대구 삼성 라이온즈 파크,17:00,30.3
김선기,2023,Kiwoom,2023-08-22,vs. Doosan,SP,L,4.5,2.0,4,71,5,2,8,0,6,0,0,38.0,Home,고척 스카이돔,18:30,25.5
김선기,2023,Kiwoom,2023-07-25,vs. Hanwha,RP,,0.0,,0,27,6,6,5,0,0,1,0,,Home,고척 스카이돔,18:30,25.5
김선기,2023,Kiwoom,2023-07-09,@ Doosan,RP,,0.0,0.0,1,7,0,0,0,0,0,0,0,,Away,잠실 야구장,17:00,27.2
김선기,2023,Kiwoom,2023-07-07,@ Doosan,RP,,0.0,3.0,0 ⅔,15,0,0,1,0,1,1,0,,Away,잠실 야구장,18:30,28.2
김선기,2023,Kiwoom,2023-06-25,vs. Doosan,RP,,27.0,6.0,1,45,5,3,3,0,1,3,0,,Home,고척 스카이돔,14:00,25.5
김선기,2023,Kiwoom,2023-06-20,@ Samsung,RP,,0.0,2.0,1,14,0,0,2,0,1,0,0,,Away,대구 삼성 라이온즈 파크,18:30,23.7
김선기,2023,Kiwoom,2023-06-18,@ Hanwha,RP,SV,0.0,0.0,1,15,0,0,0,0,3,0,0,,Away,대전 한화생명 볼파크,17:00,30.6
김선기,2023,Kiwoom,2023-06-15,vs. Kia,RP,,0.0,1.0,1,22,0,0,1,0,1,0,0,,Home,고척 스카이돔,18:30,25.5
김선기,2023,Kiwoom,2023-06-11,@ KT,RP,,9.0,2.0,1,14,1,1,2,0,1,0,0,,Away,수원 KT 위즈파크,17:00,26.9
김선기,2023,Kiwoom,2023-06-08,vs. LG,RP,,0.0,0.0,1,7,0,0,0,0,1,0,0,,Home,고척 스카이돔,18:30,25.5
김선기,2023,Kiwoom,2023-06-06,vs. LG,RP,,9.0,1.5,2,31,2,2,3,0,0,0,0,,Home,고척 스카이돔,18:30,25.5
김선기,2022,Kiwoom,2022-10-06,@ Hanwha,RP,,0.0,6.0,0 ⅓,9,0,0,1,0,0,1,0,,Away,대전 한화생명 볼파크,18:30,17.8
김선기,2022,Kiwoom,2022-09-30,@ SSG,RP,,0.0,3.0,0 ⅔,13,0,0,1,0,1,1,0,,Away,인천 SSG 랜더스필드,18:30,23.2
김선기,2022,Kiwoom,2022-09-29,@ SSG,RP,,54.0,3.0,0 ⅓,3,2,2,1,1,0,0,1,,Away,인천 SSG 랜더스필드,18:30,22.3
김선기,2022,Kiwoom,2022-09-27,@ NC,RP,,0.0,0.0,1,13,0,0,0,0,2,0,0,,Away,창원 NC 파크,18:30,24.5
김선기,2022,Kiwoom,2022-09-23,vs. Doosan,RP,,0.0,0.0,1,12,0,0,0,0,1,0,0,,Home,고척 스카이돔,18:30,25.5
김선기,2022,Kiwoom,2022-09-21,vs. Samsung,RP,H,0.0,1.0,1,14,0,0,1,0,0,0,0,,Home,고척 스카이돔,18:30,25.5
김선기,2022,Kiwoom,2022-09-18,vs. NC,RP,,0.0,0.0,1,8,0,0,0,0,0,0,0,,Home,고척 스카이돔,14:00,25.5
김선기,2022,Kiwoom,2022-09-15,@ Lotte,RP,,9.0,2.0,1,14,1,1,2,0,0,0,0,,Away,사직 야구장,18:30,26.1
김선기,2022,Kiwoom,2022-09-14,@ Kia,RP,H,0.0,0.0,0 ⅓,4,0,0,0,0,1,0,0,,Away,광주 기아 챔피언스 필드,18:30,28.7
김선기,2022,Kiwoom,2022-09-13,@ Kia,RP,SV,0.0,2.0,1,17,0,0,2,0,1,0,0,,Away,광주 기아 챔피언스 필드,18:30,27.9
김선기,2022,Kiwoom,2022-09-09,vs. LG,RP,,27.0,3.0,0 ⅔,16,2,2,2,0,1,0,0,,Home,고척 스카이돔,18:30,25.5
김선기,2022,Kiwoom,2022-09-08,vs. LG,RP,W,0.0,0.0,1 ⅓,13,0,0,0,0,0,0,0,,Home,고척 스카이돔,18:30,25.5
김선기,2022,Kiwoom,2022-09-07,@ Samsung,RP,,0.0,1.0,1,6,0,0,1,0,1,0,0,,Away,대구 삼성 라이온즈 파크,18:30,24.9
김선기,2022,Kiwoom,2022-09-03,@ SSG,RP,H,0.0,1.0,1,16,0,0,1,0,2,0,0,,Away,인천 SSG 랜더스필드,17:00,27.4
김선기,2022,Kiwoom,2022-08-31,vs. Lotte,RP,H,0.0,1.0,1,14,0,0,1,0,1,0,0,,Home,고척 스카이돔,18:30,25.5
김선기,2022,Kiwoom,2022-08-30,vs. Lotte,RP,,0.0,1.0,1,16,1,0,1,0,0,0,0,,Home,고척 스카이돔,18:30,25.5
김선기,2022,Kiwoom,2022-08-26,@ NC,SP,,4.91,2.18,3 ⅔,79,2,2,5,0,3,3,0,43.0,Away,창원 NC 파크,18:30,26.7
김선기,2022,Kiwoom,2022-08-20,vs. SSG,RP,,108.0,12.0,0 ⅓,19,4,4,3,0,0,1,0,,Home,고척 스카이돔,18:00,25.5
김선기,2022,Kiwoom,2022-08-17,@ KT,RP,,10.8,3.0,1 ⅔,45,2,2,3,0,0,2,0,,Away,수원 KT 위즈파크,18:30,28.1
김선기,2022,Kiwoom,2022-08-14,@ Hanwha,RP,W,2.7,1.5,3 ⅓,56,2,1,2,0,3,3,0,,Away,대전 한화생명 볼파크,17:00,31.3
김선기,2022,Kiwoom,2022-06-24,@ Lotte,RP,,0.0,3.0,1,19,0,0,1,0,0,2,0,,Away,사직 야구장,18:30,26.6
김선기,2022,Kiwoom,2022-06-22,@ Samsung,RP,,0.0,0.5,2,17,0,0,1,0,2,0,0,,Away,대구 삼성 라이온즈 파크,18:30,27.4
김선기,2022,Kiwoom,2022-06-03,@ Hanwha,RP,,9.0,2.33,3,72,4,3,5,0,4,2,0,,Away,대전 한화생명 볼파크,18:30,29.3
김선기,2022,Kiwoom,2022-05-24,@ LG,RP,W,0.0,0.0,2,30,0,0,0,0,3,0,0,,Away,잠실 야구장,18:30,27.2
김선기,2022,Kiwoom,2022-05-05,@ Kia,SP,L,9.0,2.0,3,69,3,3,2,0,2,4,1,40.0,Away,광주 기아 챔피언스 필드,14:00,24.6
김선기,2022,Kiwoom,2022-04-29,vs. KT,RP,,3.0,1.0,3,46,1,1,3,0,2,0,0,,Home,고척 스카이돔,18:30,25.5
김선기,2021,Kiwoom,2021-10-24,@ KT,RP,,27.0,4.0,1,23,3,3,4,0,1,0,0,,Away,수원 KT 위즈파크,14:00,17.4
김선기,2021,Kiwoom,2021-10-16,@ Samsung,SP,,6.75,1.5,4,78,3,3,3,1,3,3,0,44.0,Away,대구 삼성 라이온즈 파크,17:00,14.8
김선기,2021,Kiwoom,2021-10-12,vs. NC,RP,,0.0,0.0,1,8,0,0,0,0,1,0,0,,Home,고척 스카이돔,18:30,25.5
김선기,2021,Kiwoom,2021-10-03,vs. LG,SP,,6.23,1.62,4 ⅓,74,3,3,5,1,2,2,0,41.0,Home,고척 스카이돔,14:00,25.5
김선기,2021,Kiwoom,2021-09-25,vs. Lotte,SP,,12.46,2.31,4 ⅓,82,6,6,8,0,4,2,2,23.0,Home,고척 스카이돔,17:00,25.5
김선기,2021,Kiwoom,2021-09-18,vs. Doosan,SP,,1.5,0.83,6,81,1,1,5,1,2,0,0,60.0,Home,고척 스카이돔,17:00,25.5
김선기,2021,Kiwoom,2021-09-12,@ Lotte,SP,W,4.26,0.47,6 ⅓,98,3,3,2,0,2,1,2,56.0,Away,사직 야구장,14:00,29.1
김선기,2021,Kiwoom,2021-09-05,vs. SSG,SP,,6.75,1.5,4,73,4,3,5,0,0,1,0,37.0,Home,고척 스카이돔,14:00,25.5
김선기,2021,Kiwoom,2021-08-31,@ Samsung,SP,L,3.6,1.6,5,73,2,2,5,0,4,3,0,50.0,Away,대구 삼성 라이온즈 파크,18:30,28.4
김선기,2021,Kiwoom,2021-08-25,vs. Hanwha,RP,,3.0,0.67,3,43,1,1,1,0,2,1,0,,Home,고척 스카이돔,18:30,25.5
김선기,2021,Kiwoom,2021-08-18,@ Lotte,RP,,0.0,2.0,1,22,0,0,0,0,0,2,1,,Away,사직 야구장,18:30,26.3
김선기,2021,Kiwoom,2021-08-13,vs. Doosan,RP,,45.0,7.0,1,40,5,5,5,2,0,2,0,,Home,고척 스카이돔,18:30,25.5
김선기,2021,Kiwoom,2021-08-12,vs. KT,RP,W,0.0,3.0,0 ⅓,10,0,0,0,0,0,1,0,,Home,고척 스카이돔,18:30,25.5
김선기,2021,Kiwoom,2021-04-23,vs. SSG,RP,,16.2,3.6,1 ⅔,44,3,3,4,0,1,2,1,,Home,고척 스카이돔,18:30,25.5
김선기,2021,Kiwoom,2021-04-18,@ KT,RP,,0.0,1.0,1,27,1,0,1,0,1,0,0,,Away,수원 KT 위즈파크,14:00,13.2
김선기,2021,Kiwoom,2021-04-16,@ KT,RP,,0.0,,0,7,1,1,1,0,0,1,0,,Away,수원 KT 위즈파크,18:30,13.6
김선기,2021,Kiwoom,2021-04-15,vs. LG,RP,,0.0,0.0,1,9,0,0,0,0,0,0,0,,Home,고척 스카이돔,18:30,25.5
김선기,2021,Kiwoom,2021-04-11,@ Lotte,RP,,0.0,0.0,1,17,0,0,0,0,1,0,0,,Away,사직 야구장,14:00,18.4
김선기,2021,Kiwoom,2021-04-07,vs. Kia,RP,,9.0,2.0,1,24,1,1,2,0,0,0,1,,Home,고척 스카이돔,18:30,25.5
김선기,2021,Kiwoom,2021-04-06,vs. Kia,RP,L,0.0,6.0,0 ⅓,15,1,0,1,0,0,1,0,,Home,고척 스카이돔,18:30,25.5
김선기,2021,Kiwoom,2021-04-04,vs. Samsung,RP,W,0.0,1.0,1,15,0,0,1,0,1,0,0,,Home,고척 스카이돔,14:00,25.5
김선기,2020,Kiwoom,2020-10-23,@ Doosan,RP,,13.5,3.0,0 ⅔,20,1,1,1,0,1,1,0,,Away,잠실 야구장,18:30,10.3
김선기,2020,Kiwoom,2020-10-18,vs. Doosan,RP,,0.0,0.0,1 ⅓,9,0,0,0,0,0,0,0,,Home,고척 스카이돔,14:00,25.5
김선기,2020,Kiwoom,2020-10-17,vs. Doosan,RP,H,0.0,0.0,1,12,0,0,0,0,0,0,0,,Home,고척 스카이돔,17:00,25.5
김선기,2020,Kiwoom,2020-10-15,@ KT,RP,H,0.0,0.0,1 ⅓,12,0,0,0,0,0,0,0,,Away,수원 KT 위즈파크,18:30,13.4
김선기,2020,Kiwoom,2020-10-13,@ KT,RP,,0.0,0.0,0 ⅔,7,0,0,0,0,0,0,0,,Away,수원 KT 위즈파크,18:30,15.5
김선기,2020,Kiwoom,2020-10-08,vs. NC,RP,H,0.0,2.0,1,15,0,0,1,0,0,1,0,,Home,고척 스카이돔,18:30,25.5
김선기,2020,Kiwoom,2020-10-07,vs. NC,RP,,0.0,1.5,0 ⅔,10,0,0,0,0,0,1,0,,Home,고척 스카이돔,18:30,25.5
김선기,2020,Kiwoom,2020-10-04,@ SK,RP,,0.0,3.0,0 ⅓,6,0,0,1,0,0,0,0,,Away,인천 SSG 랜더스필드,14:00,20.2
김선기,2020,Kiwoom,2020-10-02,@ SK,RP,,0.0,2.0,1,13,0,0,2,0,0,0,0,,Away,인천 SSG 랜더스필드,18:30,20.4
김선기,2020,Kiwoom,2020-10-01,vs. Kia,RP,,0.0,1.5,0 ⅔,6,0,0,0,0,0,1,0,,Home,고척 스카이돔,18:30,25.5
김선기,2020,Kiwoom,2020-09-29,vs. Kia,RP,,0.0,1.0,1,21,0,0,1,0,0,0,1,,Home,고척 스카이돔,18:30,25.5
김선기,2020,Kiwoom,2020-09-27,@ Doosan,RP,,27.0,3.0,0 ⅓,15,2,1,1,0,0,0,1,,Away,잠실 야구장,14:00,24.6
김선기,2020,Kiwoom,2020-09-25,vs. SK,RP,,0.0,3.0,0 ⅔,19,0,0,1,0,0,1,0,,Home,고척 스카이돔,18:30,25.5
김선기,2020,Kiwoom,2020-09-20,@ Samsung,RP,,0.0,2.0,1,26,1,0,2,0,2,0,0,,Away,대구 삼성 라이온즈 파크,14:00,24.6
김선기,2020,Kiwoom,2020-09-18,vs. Hanwha,RP,,0.0,0.0,1,13,0,0,0,0,2,0,0,,Home,고척 스카이돔,18:30,25.5
김선기,2020,Kiwoom,2020-09-15,vs. Lotte,RP,,0.0,0.0,1 ⅔,20,0,0,0,0,0,0,0,,Home,고척 스카이돔,18:30,25.5
김선기,2020,Kiwoom,2020-09-11,@ LG,RP,,0.0,1.0,1,9,0,0,0,0,0,1,0,,Away,잠실 야구장,18:30,23.9
김선기,2020,Kiwoom,2020-09-08,@ SK,RP,,0.0,3.0,0 ⅔,17,1,0,1,0,0,1,1,,Away,인천 SSG 랜더스필드,18:30,25.5
김선기,2020,Kiwoom,2020-09-06,vs. KT,RP,,0.0,0.0,1,16,0,0,0,0,2,0,0,,Home,고척 스카이돔,14:00,25.5
김선기,2020,Kiwoom,2020-09-04,@ Hanwha,RP,,0.0,1.5,0 ⅔,15,0,0,1,0,1,0,0,,Away,대전 한화생명 볼파크,18:30,27.0
김선기,2020,Kiwoom,2020-09-01,vs. NC,RP,,0.0,1.0,1,17,0,0,1,0,1,0,0,,Home,고척 스카이돔,18:30,25.5
김선기,2020,Kiwoom,2020-08-29,vs. Samsung,RP,,0.0,0.0,0 ⅔,4,0,0,0,0,0,0,0,,Home,고척 스카이돔,18:00,25.5
김선기,2020,Kiwoom,2020-08-28,@ Lotte,RP,,0.0,0.0,1 ⅓,10,0,0,0,0,2,0,0,,Away,사직 야구장,18:30,29.6
김선기,2020,Kiwoom,2020-08-26,@ KT,RP,,0.0,,0,11,2,2,2,1,0,0,0,,Away,수원 KT 위즈파크,18:30,32.4
김선기,2020,Kiwoom,2020-07-16,vs. NC,RP,,6.75,2.25,1 ⅓,23,1,1,2,0,0,1,1,,Home,고척 스카이돔,18:30,25.5
김성민,2024,Kiwoom,2024-08-18,@ Lotte,RP,L,0.0,,0,1,1,1,1,1,0,0,0,,Away,사직 야구장,17:00,31.5
김성민,2024,Kiwoom,2024-08-17,@ Lotte,RP,,40.5,6.0,0 ⅔,15,3,3,3,0,0,1,0,,Away,사직 야구장,18:00,31.5
김성민,2024,Kiwoom,2024-08-13,vs. Kia,RP,,9.0,2.0,1,18,1,1,1,0,1,1,0,,Home,고척 스카이돔,18:30,25.5
김성민,2024,Kiwoom,2024-08-10,@ Hanwha,RP,H,0.0,1.5,0 ⅔,16,0,0,1,0,1,0,0,,Away,대전 한화생명 볼파크,18:00,31.0
김성민,2024,Kiwoom,2024-08-09,@ Hanwha,RP,,9.0,2.0,1,21,1,1,2,0,0,0,0,,Away,대전 한화생명 볼파크,18:30,32.4
김성민,2024,Kiwoom,2024-08-06,vs. SSG,RP,L,27.0,4.5,0 ⅔,17,2,2,2,0,1,1,0,,Home,고척 스카이돔,18:30,25.5
김성민,2024,Kiwoom,2024-08-02,@ Doosan,RP,,0.0,1.0,1,12,0,0,1,0,1,0,0,,Away,잠실 야구장,18:30,33.3
김성민,2024,Kiwoom,2024-08-01,vs. NC,RP,H,0.0,1.0,1,17,0,0,0,0,1,1,0,,Home,고척 스카이돔,18:30,25.5
김성민,2024,Kiwoom,2024-07-28,vs. Kia,RP,L,27.0,4.5,0 ⅔,16,2,2,3,2,1,0,0,,Home,고척 스카이돔,14:00,25.5
김성민,2024,Kiwoom,2024-07-26,vs. Kia,RP,H,0.0,0.0,1,5,0,0,0,0,0,0,0,,Home,고척 스카이돔,18:30,25.5
김성민,2024,Kiwoom,2024-07-25,@ Doosan,RP,H,9.0,2.0,1,20,1,1,1,0,1,1,0,,Away,잠실 야구장,18:30,32.9
김성민,2024,Kiwoom,2024-07-23,@ Doosan,RP,,0.0,1.0,1,15,0,0,1,0,0,0,0,,Away,잠실 야구장,18:30,29.6
김성민,2024,Kiwoom,2024-07-21,@ SSG,RP,,0.0,1.0,1,18,0,0,1,0,1,0,0,,Away,인천 SSG 랜더스필드,17:00,30.7
김성민,2024,Kiwoom,2024-07-18,vs. KT,RP,,45.0,5.0,1,29,5,5,3,1,2,2,0,,Home,고척 스카이돔,18:30,25.5
김성민,2024,Kiwoom,2024-07-11,vs. Hanwha,RP,,0.0,0.0,1,11,0,0,0,0,0,0,0,,Home,고척 스카이돔,18:30,25.5
김성민,2024,Kiwoom,2024-07-09,vs. Hanwha,RP,W,0.0,0.0,1,16,0,0,0,0,1,0,0,,Home,고척 스카이돔,18:30,25.5
김성민,2024,Kiwoom,2024-07-03,vs. LG,RP,H,0.0,0.0,1 ⅔,20,0,0,0,0,1,0,0,,Home,고척 스카이돔,18:30,25.5
김성민,2024,Kiwoom,2024-06-27,vs. NC,RP,H,0.0,2.0,1,21,0,0,0,0,1,2,0,,Home,고척 스카이돔,18:30,25.5
김성민,2024,Kiwoom,2024-06-25,vs. NC,RP,,10.8,1.8,1 ⅔,27,2,2,1,0,0,2,0,,Home,고척 스카이돔,18:30,25.5
김성민,2024,Kiwoom,2024-06-21,vs. Lotte,RP,H,10.8,1.8,1 ⅔,27,2,2,2,0,1,1,0,,Home,고척 스카이돔,18:30,25.5
김성민,2024,Kiwoom,2024-06-16,vs. Doosan,RP,,0.0,0.0,0 ⅔,5,0,0,0,0,0,0,0,,Home,고척 스카이돔,14:00,25.5
김성민,2024,Kiwoom,2024-06-15,vs. Doosan,RP,,0.0,0.0,0 ⅔,9,0,0,0,0,1,0,0,,Home,고척 스카이돔,17:00,25.5
김성민,2024,Kiwoom,2024-06-14,vs. Doosan,RP,,0.0,1.0,1,17,0,0,1,0,1,0,0,,Home,고척 스카이돔,18:30,25.5
김성민,2024,Kiwoom,2024-06-11,@ Lotte,RP,H,0.0,0.0,1,16,0,0,0,0,0,0,0,,Away,사직 야구장,18:30,24.2
김성민,2024,Kiwoom,2024-06-07,vs. Samsung,RP,H,0.0,1.0,1,14,0,0,1,0,1,0,0,,Home,고척 스카이돔,18:30,25.5
김성민,2024,Kiwoom,2024-06-05,@ LG,RP,,9.0,2.0,1,17,1,1,1,0,0,1,0,,Away,잠실 야구장,18:30,26.2
김성민,2024,Kiwoom,2024-06-02,vs. SSG,RP,,0.0,1.0,1,17,0,0,0,0,1,1,0,,Home,고척 스카이돔,14:00,25.5
김성민,2024,Kiwoom,2024-05-29,@ Samsung,RP,,0.0,2.0,1,15,0,0,2,0,0,0,0,,Away,대구 삼성 라이온즈 파크,18:30,21.3
김성민,2024,Kiwoom,2024-05-24,@ KT,RP,,0.0,0.0,1,13,0,0,0,0,2,0,0,,Away,수원 KT 위즈파크,18:30,22.5
김성민,2024,Kiwoom,2024-05-23,vs. NC,RP,W,0.0,3.0,1,28,2,0,3,0,1,0,1,,Home,고척 스카이돔,18:30,25.5
김성민,2024,Kiwoom,2024-05-19,vs. SSG,RP,H,0.0,0.6,1 ⅔,21,0,0,1,0,3,0,0,,Home,고척 스카이돔,14:00,25.5
김성민,2024,Kiwoom,2024-05-17,vs. SSG,RP,,0.0,0.0,1,11,0,0,0,0,0,0,0,,Home,고척 스카이돔,18:30,25.5
김성민,2024,Kiwoom,2024-05-16,@ LG,RP,H,0.0,2.0,1,12,0,0,2,0,0,0,0,,Away,잠실 야구장,18:30,18.8
김성민,2024,Kiwoom,2024-05-14,@ LG,RP,,0.0,1.0,1,16,0,0,1,0,3,0,0,,Away,잠실 야구장,18:30,22.7
김성민,2024,Kiwoom,2024-05-11,@ Hanwha,RP,H,0.0,1.0,1,11,0,0,1,0,0,0,0,,Away,대전 한화생명 볼파크,17:00,23.9
김성민,2024,Kiwoom,2024-05-10,@ Hanwha,RP,H,0.0,1.5,0 ⅔,14,0,0,0,0,2,1,0,,Away,대전 한화생명 볼파크,18:30,23.4
김성민,2024,Kiwoom,2024-05-08,vs. Doosan,RP,L,4.5,1.0,2,24,1,1,2,1,0,0,0,,Home,고척 스카이돔,18:30,25.5
김성민,2024,Kiwoom,2024-05-04,@ KT,RP,,0.0,1.0,1,13,0,0,0,0,0,1,0,,Away,수원 KT 위즈파크,17:00,24.3
김성민,2024,Kiwoom,2024-05-02,@ Lotte,RP,,0.0,0.0,0 ⅔,3,0,0,0,0,0,0,0,,Away,사직 야구장,18:30,16.2
김성민,2024,Kiwoom,2024-05-01,@ Lotte,RP,W,0.0,2.25,1 ⅓,16,0,0,3,0,1,0,0,,Away,사직 야구장,18:30,15.1
김성민,2024,Kiwoom,2024-04-28,vs. Samsung,RP,,0.0,4.5,0 ⅔,18,0,0,2,0,0,1,0,,Home,고척 스카이돔,14:00,25.5
김성민,2024,Kiwoom,2024-04-26,vs. Samsung,RP,,0.0,1.0,1,18,0,0,1,0,2,0,0,,Home,고척 스카이돔,18:30,25.5
김성민,2024,Kiwoom,2024-04-23,vs. Kia,RP,,0.0,0.0,1,13,0,0,0,0,1,0,0,,Home,고척 스카이돔,18:30,25.5
김성민,2024,Kiwoom,2024-04-18,vs. KT,RP,,0.0,0.0,1,10,0,0,0,0,0,0,0,,Home,고척 스카이돔,18:30,25.5
김성민,2024,Kiwoom,2024-04-17,vs. KT,RP,,0.0,0.0,0 ⅔,9,0,0,0,0,0,0,0,,Home,고척 스카이돔,18:30,25.5
김성민,2024,Kiwoom,2024-04-13,vs. Lotte,RP,H,0.0,1.0,1,20,0,0,1,0,1,0,0,,Home,고척 스카이돔,17:00,25.5
김성민,2021,Kiwoom,2021-09-15,@ NC,RP,,20.25,3.0,1 ⅓,33,4,3,3,1,1,1,0,,Away,창원 NC 파크,18:30,24.0
김성민,2021,Kiwoom,2021-09-12,@ Lotte,RP,L,6.75,2.25,1 ⅓,31,2,1,1,0,1,2,0,,Away,사직 야구장,14:00,29.1
김성민,2021,Kiwoom,2021-09-05,vs. SSG,RP,,0.0,,0,9,0,0,0,0,0,2,0,,Home,고척 스카이돔,14:00,25.5
김성민,2021,Kiwoom,2021-08-27,vs. Hanwha,RP,,0.0,0.0,0 ⅓,2,0,0,0,0,0,0,0,,Home,고척 스카이돔,18:30,25.5
김성민,2021,Kiwoom,2021-08-26,vs. Hanwha,RP,,0.0,3.0,1,27,0,0,2,0,1,1,0,,Home,고척 스카이돔,18:30,25.5
김성민,2021,Kiwoom,2021-08-24,@ Kia,RP,,0.0,2.0,1,16,0,0,1,0,0,1,1,,Away,광주 기아 챔피언스 필드,18:30,29.5
김성민,2021,Kiwoom,2021-08-20,@ Kia,RP,L,40.5,4.5,0 ⅔,19,3,3,2,1,0,1,0,,Away,광주 기아 챔피언스 필드,18:30,28.3
김성민,2021,Kiwoom,2021-08-14,vs. Doosan,RP,H,0.0,0.0,1,6,0,0,0,0,0,0,0,,Home,고척 스카이돔,18:00,25.5
김성민,2021,Kiwoom,2021-08-12,vs. KT,RP,SV,0.0,1.0,1,16,0,0,0,0,0,1,1,,Home,고척 스카이돔,18:30,25.5
김성민,2021,Kiwoom,2021-08-11,vs. KT,RP,H,0.0,0.0,1,13,0,0,0,0,1,0,1,,Home,고척 스카이돔,18:30,25.5
김성민,2021,Kiwoom,2021-08-10,vs. KT,RP,H,0.0,2.0,1,16,0,0,1,0,1,1,0,,Home,고척 스카이돔,18:30,25.5
김성민,2021,Kiwoom,2021-07-08,vs. SSG,RP,,27.0,9.0,0 ⅓,19,1,1,1,0,0,2,0,,Home,고척 스카이돔,18:30,25.5
김성민,2021,Kiwoom,2021-07-04,@ KT,RP,L,9.0,2.0,1,23,1,1,1,1,0,1,0,,Away,수원 KT 위즈파크,17:00,24.3
김성민,2021,Kiwoom,2021-07-02,@ KT,RP,,0.0,0.0,1,8,0,0,0,0,2,0,0,,Away,수원 KT 위즈파크,18:30,30.1
김성민,2021,Kiwoom,2021-06-27,vs. Kia,RP,H,0.0,0.0,0 ⅔,11,0,0,0,0,1,0,0,,Home,고척 스카이돔,14:00,25.5
김성민,2021,Kiwoom,2021-06-24,@ Doosan,RP,W,0.0,2.0,1,21,0,0,1,0,2,1,0,,Away,잠실 야구장,18:30,26.8
김성민,2021,Kiwoom,2021-06-23,@ Doosan,RP,,40.5,4.5,0 ⅔,23,3,3,2,0,0,1,0,,Away,잠실 야구장,18:30,24.7
김성민,2021,Kiwoom,2021-06-17,vs. LG,RP,,9.0,1.0,1,20,1,1,1,1,1,0,0,,Home,고척 스카이돔,18:30,25.5
김성민,2021,Kiwoom,2021-06-15,vs. LG,RP,,0.0,1.0,1,9,0,0,1,0,0,0,0,,Home,고척 스카이돔,18:30,25.5
김성민,2021,Kiwoom,2021-06-13,@ SSG,RP,,0.0,3.0,1,21,0,0,1,0,0,2,0,,Away,인천 SSG 랜더스필드,17:00,23.6
김성민,2021,Kiwoom,2021-06-12,@ SSG,RP,,0.0,2.0,1,12,0,0,0,0,0,2,1,,Away,인천 SSG 랜더스필드,17:00,26.8
김성민,2021,Kiwoom,2021-06-10,@ Hanwha,RP,,0.0,1.0,1,23,0,0,1,0,2,0,0,,Away,대전 한화생명 볼파크,18:30,27.9
김성민,2021,Kiwoom,2021-06-06,vs. Samsung,RP,,0.0,2.0,1,16,0,0,2,0,0,0,0,,Home,고척 스카이돔,14:00,25.5
김성민,2021,Kiwoom,2021-06-03,vs. Lotte,RP,,0.0,2.0,1,20,0,0,1,0,0,1,0,,Home,고척 스카이돔,18:30,25.5
김성민,2021,Kiwoom,2021-05-29,@ LG,RP,H,27.0,9.0,0 ⅓,24,1,1,1,0,1,2,0,,Away,잠실 야구장,17:00,15.8
김성민,2021,Kiwoom,2021-05-27,@ Kia,RP,,0.0,1.0,1,12,0,0,1,0,0,0,0,,Away,광주 기아 챔피언스 필드,18:30,20.9
김성민,2021,Kiwoom,2021-05-26,@ Kia,RP,,0.0,0.0,1,12,0,0,0,0,0,0,0,,Away,광주 기아 챔피언스 필드,18:30,21.0
김성민,2021,Kiwoom,2021-05-23,vs. NC,RP,,0.0,1.0,1,18,0,0,1,0,0,0,0,,Home,고척 스카이돔,14:00,25.5
김성민,2021,Kiwoom,2021-05-21,vs. NC,RP,H,0.0,2.0,1,19,0,0,0,0,0,2,0,,Home,고척 스카이돔,18:30,25.5
김성민,2021,Kiwoom,2021-05-19,@ Samsung,RP,,0.0,1.0,1,14,0,0,1,0,0,0,0,,Away,대구 삼성 라이온즈 파크,18:30,20.1
김성민,2021,Kiwoom,2021-05-16,vs. Hanwha,RP,,0.0,2.0,1,21,0,0,2,0,1,0,0,,Home,고척 스카이돔,14:00,25.5
김성민,2021,Kiwoom,2021-05-13,@ Doosan,RP,H,5.4,1.8,1 ⅔,31,1,1,2,0,1,1,0,,Away,잠실 야구장,18:30,27.2
김성민,2021,Kiwoom,2021-05-11,@ Doosan,RP,,0.0,0.0,1 ⅓,18,0,0,0,0,1,0,0,,Away,잠실 야구장,18:30,24.3
김성민,2021,Kiwoom,2021-05-09,@ SSG,RP,,0.0,1.5,2,38,0,0,2,0,4,1,0,,Away,인천 SSG 랜더스필드,14:00,19.4
김성민,2021,Kiwoom,2021-05-06,vs. KT,RP,W,6.75,2.25,1 ⅓,28,1,1,1,0,0,2,0,,Home,고척 스카이돔,18:30,25.5
김성민,2021,Kiwoom,2021-04-30,@ NC,RP,H,0.0,1.0,1,22,0,0,0,0,2,1,0,,Away,창원 NC 파크,18:30,19.9
김성민,2021,Kiwoom,2021-04-28,vs. Doosan,RP,,9.0,4.0,1,23,1,1,3,0,0,1,0,,Home,고척 스카이돔,18:30,25.5
김성민,2021,Kiwoom,2021-04-27,vs. Doosan,RP,H,0.0,0.75,1 ⅓,23,0,0,0,0,2,1,1,,Home,고척 스카이돔,18:30,25.5
김성민,2021,Kiwoom,2021-04-24,vs. SSG,RP,,0.0,1.0,1,21,0,0,1,0,1,0,1,,Home,고척 스카이돔,17:00,25.5
김성민,2021,Kiwoom,2021-04-22,@ Hanwha,RP,,0.0,1.0,1,10,0,0,0,0,0,1,0,,Away,대전 한화생명 볼파크,18:30,25.5
김성민,2021,Kiwoom,2021-04-21,@ Hanwha,RP,,0.0,1.0,1,12,0,0,1,0,2,0,0,,Away,대전 한화생명 볼파크,18:30,26.9
김성민,2021,Kiwoom,2021-04-20,@ Hanwha,RP,,0.0,3.0,1,18,2,0,2,0,1,1,0,,Away,대전 한화생명 볼파크,18:30,23.2
김성민,2021,Kiwoom,2021-04-17,@ KT,RP,,0.0,1.0,1,21,0,0,1,0,2,0,0,,Away,수원 KT 위즈파크,17:00,11.6
김성민,2021,Kiwoom,2021-04-11,@ Lotte,RP,,0.0,3.0,1,29,0,0,1,0,2,2,0,,Away,사직 야구장,14:00,18.4
김성민,2021,Kiwoom,2021-04-07,vs. Kia,RP,,0.0,1.0,1,23,0,0,1,0,0,0,0,,Home,고척 스카이돔,18:30,25.5
김성민,2021,Kiwoom,2021-04-06,vs. Kia,RP,H,0.0,0.0,1 ⅓,17,0,0,0,0,1,0,0,,Home,고척 스카이돔,18:30,25.5
김성민,2021,Kiwoom,2021-04-04,vs. Samsung,RP,H,0.0,0.0,1,18,0,0,0,0,2,0,0,,Home,고척 스카이돔,14:00,25.5
김성민,2020,Kiwoom,2020-10-30,@ Doosan,RP,,0.0,0.0,1,13,0,0,0,0,1,0,0,,Away,잠실 야구장,18:30,15.3
김성민,2020,Kiwoom,2020-10-18,vs. Doosan,RP,,0.0,0.6,1 ⅔,25,0,0,0,0,0,1,1,,Home,고척 스카이돔,14:00,25.5
김성민,2020,Kiwoom,2020-10-16,vs. Doosan,RP,W,0.0,0.0,1,13,0,0,0,0,0,0,0,,Home,고척 스카이돔,18:30,25.5
김성민,2020,Kiwoom,2020-10-11,@ Hanwha,RP,,4.5,1.5,2,30,1,1,1,0,2,2,0,,Away,대전 한화생명 볼파크,14:00,20.6
김성민,2020,Kiwoom,2020-10-03,@ SK,RP,,0.0,2.0,1,9,0,0,1,0,0,1,0,,Away,인천 SSG 랜더스필드,17:00,20.9
김성민,2020,Kiwoom,2020-10-01,vs. Kia,RP,,0.0,3.0,0 ⅓,7,0,0,1,0,0,0,0,,Home,고척 스카이돔,18:30,25.5
김성민,2020,Kiwoom,2020-09-29,vs. Kia,RP,,0.0,1.5,1 ⅓,20,0,0,2,0,1,0,0,,Home,고척 스카이돔,18:30,25.5
김성민,2020,Kiwoom,2020-09-27,@ Doosan,RP,,0.0,1.5,0 ⅔,13,0,0,1,0,2,0,0,,Away,잠실 야구장,14:00,24.6
김성민,2020,Kiwoom,2020-09-26,@ Doosan,RP,,0.0,1.5,0 ⅔,14,0,0,1,0,1,0,0,,Away,잠실 야구장,17:00,23.0
김성민,2020,Kiwoom,2020-09-23,@ Kia,RP,,0.0,0.0,1,11,0,0,0,0,1,0,1,,Away,광주 기아 챔피언스 필드,18:30,21.9
김성민,2020,Kiwoom,2020-09-20,@ Samsung,RP,,40.5,6.0,0 ⅔,18,3,3,4,0,0,0,0,,Away,대구 삼성 라이온즈 파크,14:00,24.6
김성민,2020,Kiwoom,2020-09-15,vs. Lotte,RP,,0.0,0.0,0 ⅔,11,0,0,0,0,1,0,0,,Home,고척 스카이돔,18:30,25.5
김성민,2020,Kiwoom,2020-09-13,vs. Doosan,RP,,0.0,6.0,0 ⅓,12,0,0,1,0,0,1,0,,Home,고척 스카이돔,14:00,25.5
김성민,2020,Kiwoom,2020-09-11,@ LG,RP,,0.0,2.0,1,19,0,0,1,0,2,1,0,,Away,잠실 야구장,18:30,23.9
김성민,2020,Kiwoom,2020-08-21,vs. LG,RP,,9.0,2.0,1,15,1,1,2,0,2,0,0,,Home,고척 스카이돔,18:30,25.5
김성민,2020,Kiwoom,2020-08-14,@ Lotte,RP,,18.0,4.0,1,25,2,2,2,0,2,2,0,,Away,사직 야구장,18:30,30.4
김성민,2020,Kiwoom,2020-06-07,vs. LG,RP,,40.5,7.5,0 ⅔,30,5,3,5,0,0,0,0,,Home,고척 스카이돔,14:00,25.5
김성민,2020,Kiwoom,2020-06-02,@ Hanwha,RP,,0.0,1.0,1,16,0,0,1,0,1,0,0,,Away,대전 한화생명 볼파크,18:30,22.5
김성민,2020,Kiwoom,2020-05-30,vs. KT,RP,,9.0,1.0,1,16,1,1,1,1,0,0,0,,Home,고척 스카이돔,17:00,25.5
김성민,2020,Kiwoom,2020-05-27,@ NC,RP,,0.0,0.0,1,13,0,0,0,0,2,0,0,,Away,창원 NC 파크,18:30,19.9
김성민,2020,Kiwoom,2020-05-26,@ NC,RP,,27.0,2.0,1,23,3,3,1,1,1,1,1,,Away,창원 NC 파크,18:30,21.2
김성민,2020,Kiwoom,2020-05-23,@ Lotte,RP,,9.0,2.0,1,18,1,1,0,0,1,2,0,,Away,사직 야구장,17:00,20.0
김성민,2020,Kiwoom,2020-05-22,@ Lotte,RP,,0.0,2.0,1,18,0,0,1,0,0,1,0,,Away,사직 야구장,18:30,17.4
김성민,2020,Kiwoom,2020-05-07,@ Kia,RP,,27.0,3.0,0 ⅔,19,2,2,2,1,0,0,0,,Away,광주 기아 챔피언스 필드,18:30,22.5
김성민,2020,Kiwoom,2020-05-05,@ Kia,RP,,0.0,0.0,1,15,0,0,0,0,1,0,0,,Away,광주 기아 챔피언스 필드,14:00,20.7
김연주,2024,Kiwoom,2024-09-30,@ SSG,RP,,0.0,0.0,1,14,0,0,0,0,0,0,0,,Away,인천 SSG 랜더스필드,18:30,25.0
김연주,2024,Kiwoom,2024-09-27,@ KT,RP,,0.0,0.0,1,17,0,0,0,0,3,0,0,,Away,수원 KT 위즈파크,18:30,26.0
김연주,2024,Kiwoom,2024-09-25,@ Samsung,RP,,0.0,1.0,1,16,0,0,1,0,0,0,0,,Away,대구 삼성 라이온즈 파크,18:30,26.2
김연주,2024,Kiwoom,2024-09-24,vs. Hanwha,RP,,0.0,1.0,1,12,0,0,1,0,0,0,0,,Home,고척 스카이돔,18:30,25.5
김연주,2024,Kiwoom,2024-09-16,@ Doosan,RP,L,54.0,9.0,0 ⅓,24,2,2,1,1,1,2,1,,Away,잠실 야구장,18:30,31.5
김연주,2024,Kiwoom,2024-09-15,@ Kia,RP,H,0.0,0.6,1 ⅔,27,0,0,1,0,1,0,0,,Away,광주 기아 챔피언스 필드,14:00,33.5
김연주,2024,Kiwoom,2024-09-10,vs. Doosan,RP,,0.0,1.0,1,8,0,0,1,0,0,0,0,,Home,고척 스카이돔,18:30,25.5
김연주,2024,Kiwoom,2024-09-05,@ NC,RP,,18.0,2.0,1,19,2,2,1,0,0,1,1,,Away,창원 NC 파크,18:30,30.9
김연주,2024,Kiwoom,2024-08-30,vs. Lotte,RP,,40.5,4.5,0 ⅔,28,3,3,2,0,0,1,0,,Home,고척 스카이돔,18:30,25.5
김연주,2024,Kiwoom,2024-08-29,vs. Samsung,RP,,0.0,0.0,1,8,0,0,0,0,0,0,0,,Home,고척 스카이돔,18:30,25.5
김연주,2024,Kiwoom,2024-08-27,vs. Samsung,RP,,0.0,0.0,1,16,0,0,0,0,1,0,0,,Home,고척 스카이돔,18:30,25.5
김연주,2024,Kiwoom,2024-08-23,vs. LG,RP,,0.0,0.0,0 ⅔,8,0,0,0,0,0,0,0,,Home,고척 스카이돔,18:30,25.5
김연주,2024,Kiwoom,2024-08-22,@ KT,RP,,0.0,0.0,1,14,0,0,0,0,1,0,0,,Away,수원 KT 위즈파크,18:30,30.4
김연주,2024,Kiwoom,2024-08-21,@ KT,RP,,9.0,4.0,1,25,1,1,3,0,1,1,0,,Away,수원 KT 위즈파크,18:30,31.8
김연주,2024,Kiwoom,2024-08-18,@ Lotte,RP,,0.0,1.0,1,20,0,0,1,0,1,0,0,,Away,사직 야구장,17:00,31.5
김연주,2024,Kiwoom,2024-08-15,vs. Kia,RP,,0.0,1.5,0 ⅔,11,0,0,0,0,0,1,0,,Home,고척 스카이돔,18:30,25.5
김연주,2024,Kiwoom,2024-08-06,vs. SSG,RP,,9.0,2.0,1,19,1,1,1,1,0,1,0,,Home,고척 스카이돔,18:30,25.5
김연주,2024,Kiwoom,2024-08-03,@ Doosan,RP,,27.0,4.0,1,31,3,3,4,0,2,0,1,,Away,잠실 야구장,18:00,34.1
김연주,2024,Kiwoom,2024-08-01,vs. NC,RP,W,0.0,2.0,1,22,0,0,1,0,1,1,0,,Home,고척 스카이돔,18:30,25.5
김연주,2024,Kiwoom,2024-07-31,vs. NC,RP,,0.0,0.0,1,11,0,0,0,0,1,0,1,,Home,고척 스카이돔,18:30,25.5
김연주,2024,Kiwoom,2024-07-24,@ Doosan,RP,,0.0,3.0,1,20,0,0,2,0,0,1,0,,Away,잠실 야구장,18:30,31.7
김연주,2024,Kiwoom,2024-07-19,@ SSG,RP,,0.0,0.0,1,8,0,0,0,0,0,0,0,,Away,인천 SSG 랜더스필드,18:30,29.0
김연주,2024,Kiwoom,2024-07-17,vs. KT,RP,,0.0,0.0,1,12,0,0,0,0,2,0,0,,Home,고척 스카이돔,18:30,25.5
김연주,2024,Kiwoom,2024-07-12,@ NC,RP,,9.0,3.0,1,21,1,1,2,1,0,1,1,,Away,창원 NC 파크,18:30,29.3
김연주,2024,Kiwoom,2024-06-28,@ Kia,RP,,18.0,3.0,1,23,2,2,3,0,0,0,0,,Away,광주 기아 챔피언스 필드,18:30,30.0
김연주,2024,Kiwoom,2024-06-13,@ Lotte,RP,,0.0,2.0,1,22,0,0,1,0,0,1,0,,Away,사직 야구장,18:30,27.1
김연주,2024,Kiwoom,2024-06-12,@ Lotte,RP,,18.0,4.0,1,20,3,2,3,0,0,1,0,,Away,사직 야구장,18:30,25.3
김연주,2024,Kiwoom,2024-06-09,vs. Samsung,RP,,0.0,1.0,1,14,0,0,0,0,1,1,0,,Home,고척 스카이돔,14:00,25.5
김연주,2024,Kiwoom,2024-06-08,vs. Samsung,RP,,0.0,0.0,1,13,0,0,0,0,1,0,0,,Home,고척 스카이돔,17:00,25.5
김연주,2024,Kiwoom,2024-04-07,vs. Hanwha,RP,,27.0,4.5,0 ⅔,22,2,2,1,0,0,2,0,,Home,고척 스카이돔,14:00,25.5
김연주,2024,Kiwoom,2024-03-31,vs. LG,RP,,0.0,,0,9,3,3,2,1,0,1,0,,Home,고척 스카이돔,14:00,25.5
김연주,2024,Kiwoom,2024-03-30,vs. LG,RP,,9.0,1.0,1,19,1,1,1,1,0,0,0,,Home,고척 스카이돔,17:00,25.5
김연주,2024,Kiwoom,2024-03-26,@ NC,RP,,0.0,0.0,0 ⅔,7,0,0,0,0,1,0,0,,Away,창원 NC 파크,18:30,11.2
김연주,2024,Kiwoom,2024-03-23,@ Kia,RP,,0.0,2.0,1,16,0,0,1,0,0,1,0,,Away,광주 기아 챔피언스 필드,14:00,22.7
이강준,2022,Lotte,2022-10-03,vs. Doosan,RP,,54.0,7.5,0 ⅔,30,4,4,2,1,1,3,0,,Home,사직 야구장,18:30,24.7
이강준,2022,Lotte,2022-09-24,@ Kiwoom,RP,,0.0,2.0,1,23,0,0,2,0,2,0,0,,Away,고척 스카이돔,17:00,25.5
이강준,2022,Lotte,2022-09-18,@ KT,RP,,0.0,2.0,1,24,0,0,0,0,1,2,0,,Away,수원 KT 위즈파크,14:00,31.7
이강준,2022,Lotte,2022-09-16,vs. Kiwoom,RP,,0.0,0.0,1,12,0,0,0,0,0,0,0,,Home,사직 야구장,18:30,29.0
이강준,2022,Lotte,2022-09-11,vs. NC,RP,,0.0,,0,9,0,0,1,0,0,1,0,,Home,사직 야구장,14:00,28.7
이강준,2022,Lotte,2022-09-04,vs. LG,RP,,0.0,0.0,1,14,0,0,0,0,1,0,0,,Home,사직 야구장,14:00,30.9
이강준,2022,Lotte,2022-08-06,vs. NC,RP,,9.0,2.5,2,45,2,2,0,0,0,5,0,,Home,사직 야구장,18:00,32.2
이강준,2022,Lotte,2022-06-18,vs. SSG,RP,,0.0,,0,20,3,3,1,0,0,2,0,,Home,사직 야구장,17:00,27.6
이강준,2022,Lotte,2022-04-26,vs. SSG,RP,,0.0,,0,22,1,1,1,0,0,3,0,,Home,사직 야구장,18:30,17.7
이강준,2022,Lotte,2022-04-19,vs. Hanwha,RP,,27.0,6.0,0 ⅓,15,1,1,0,0,1,2,0,,Home,사직 야구장,18:30,17.4
이강준,2022,Lotte,2022-04-15,vs. KT,RP,H,0.0,3.0,0 ⅓,7,0,0,0,0,0,1,0,,Home,사직 야구장,18:30,12.2
이강준,2022,Lotte,2022-04-06,@ NC,RP,,0.0,1.2,1 ⅔,23,0,0,2,0,0,0,0,,Away,창원 NC 파크,18:30,15.7
이강준,2022,Lotte,2022-04-03,@ Kiwoom,RP,,0.0,1.5,0 ⅔,8,0,0,0,0,0,1,0,,Away,고척 스카이돔,14:00,25.5
이강준,2021,Lotte,2021-10-23,vs. Hanwha,RP,,81.0,9.0,0 ⅓,19,3,3,1,0,0,2,0,,Home,사직 야구장,17:00,17.2
이강준,2021,Lotte,2021-10-14,vs. LG,RP,,0.0,,0,4,1,1,1,1,0,0,0,,Home,사직 야구장,18:30,22.2
이강준,2021,Lotte,2021-10-13,vs. LG,RP,,0.0,0.0,0 ⅓,8,0,0,0,0,0,0,0,,Home,사직 야구장,18:30,20.2
이강준,2021,Lotte,2021-09-30,vs. KT,RP,,0.0,,0,7,0,0,0,0,0,1,0,,Home,사직 야구장,18:30,24.9
이강준,2021,Lotte,2021-09-24,@ SSG,RP,,0.0,,0,14,1,1,0,0,0,3,0,,Away,인천 SSG 랜더스필드,18:30,24.3
이강준,2021,Lotte,2021-09-24,@ SSG,RP,,0.0,1.5,0 ⅔,9,0,0,1,0,0,0,0,,Away,인천 SSG 랜더스필드,18:30,24.3
이강준,2021,Lotte,2021-09-22,vs. Samsung,RP,,0.0,6.0,0 ⅓,14,0,0,1,0,0,1,0,,Home,사직 야구장,18:30,25.2
이강준,2021,Lotte,2021-09-21,vs. Samsung,RP,,0.0,0.0,1 ⅓,12,0,0,0,0,2,0,0,,Home,사직 야구장,18:30,26.3
이강준,2021,Lotte,2021-09-18,@ Hanwha,RP,,0.0,3.0,1,29,0,0,1,0,0,2,0,,Away,대전 한화생명 볼파크,17:00,27.2
이강준,2021,Lotte,2021-09-15,@ Kia,RP,,0.0,2.0,1,18,0,0,1,0,2,1,0,,Away,광주 기아 챔피언스 필드,18:30,26.9
이강준,2021,Lotte,2021-09-12,vs. Kiwoom,RP,,13.5,1.5,0 ⅔,10,2,1,1,0,0,0,1,,Home,사직 야구장,14:00,29.1
이강준,2021,Lotte,2021-06-17,@ NC,RP,,0.0,,0,12,3,3,1,0,0,1,1,,Away,창원 NC 파크,18:30,23.0
이강준,2021,Lotte,2021-06-12,vs. Hanwha,RP,,0.0,0.0,0 ⅓,3,0,0,0,0,0,0,0,,Home,사직 야구장,17:00,24.6
이강준,2021,Lotte,2021-06-04,vs. Lotte,RP,,9.0,4.0,1,25,1,1,2,0,0,2,0,,Home,사직 야구장,18:30,23.5
이강준,2021,Lotte,2021-05-29,@ Kia,RP,W,0.0,0.75,1 ⅓,22,0,0,1,0,0,0,0,,Away,광주 기아 챔피언스 필드,17:00,24.4
이강준,2020,KT,2020-06-10,vs. Kia,RP,,13.5,6.0,0 ⅔,19,1,1,1,1,0,3,1,,Home,수원 KT 위즈파크,18:30,28.2
이강준,2020,KT,2020-06-04,vs. Doosan,RP,,4.5,3.0,2,48,1,1,4,0,1,2,0,,Home,수원 KT 위즈파크,18:30,25.0
이강준,2020,KT,2020-05-30,@ Kiwoom,RP,,9.0,1.5,2,28,2,2,3,0,2,0,1,,Away,고척 스카이돔,17:00,25.5
이강준,2020,KT,2020-05-26,vs. Kia,RP,,0.0,1.0,1,14,0,0,1,0,0,0,1,,Home,수원 KT 위즈파크,18:30,15.8
오석주,2024,Kiwoom,2024-09-27,@ KT,RP,,0.0,1.0,1,12,0,0,1,0,0,0,0,,Away,수원 KT 위즈파크,18:30,26.0
오석주,2024,Kiwoom,2024-09-19,@ SSG,RP,,0.0,2.0,1,18,0,0,1,0,1,1,0,,Away,인천 SSG 랜더스필드,18:30,31.2
오석주,2024,Kiwoom,2024-09-04,@ NC,RP,,27.0,4.0,1,35,3,3,4,0,1,0,1,,Away,창원 NC 파크,18:30,28.6
오석주,2024,Kiwoom,2024-08-24,vs. LG,RP,,0.0,1.0,1,9,0,0,1,0,1,0,0,,Home,고척 스카이돔,18:00,25.5
오석주,2024,Kiwoom,2024-06-23,vs. Lotte,RP,,0.0,,0,20,3,3,3,0,0,1,0,,Home,고척 스카이돔,14:00,25.5
오석주,2024,Kiwoom,2024-06-19,@ Hanwha,RP,,27.0,3.0,1,32,3,3,1,0,1,2,1,,Away,대전 한화생명 볼파크,18:30,31.1
오석주,2024,Kiwoom,2024-06-15,vs. Doosan,RP,,0.0,1.0,1,9,0,0,1,0,0,0,1,,Home,고척 스카이돔,17:00,25.5
오석주,2024,Kiwoom,2024-06-13,@ Lotte,RP,,40.5,4.5,0 ⅔,24,3,3,2,0,0,1,0,,Away,사직 야구장,18:30,27.1
오석주,2024,Kiwoom,2024-06-12,@ Lotte,RP,,0.0,1.0,1,7,0,0,1,0,1,0,0,,Away,사직 야구장,18:30,25.3
오석주,2024,Kiwoom,2024-06-09,vs. Samsung,RP,,0.0,2.0,1,24,0,0,1,0,2,1,0,,Home,고척 스카이돔,14:00,25.5
오석주,2024,Kiwoom,2024-06-07,vs. Samsung,RP,W,0.0,1.0,1,16,0,0,1,0,0,0,0,,Home,고척 스카이돔,18:30,25.5
오석주,2024,Kiwoom,2024-06-05,@ LG,RP,L,54.0,12.0,0 ⅓,20,2,2,1,0,0,3,0,,Away,잠실 야구장,18:30,26.2
오석주,2024,Kiwoom,2024-06-04,@ LG,RP,,0.0,0.0,1,10,0,0,0,0,1,0,0,,Away,잠실 야구장,18:30,25.9
오석주,2024,Kiwoom,2024-05-31,vs. SSG,RP,,0.0,0.0,1,9,0,0,0,0,1,0,0,,Home,고척 스카이돔,18:30,25.5
오석주,2024,Kiwoom,2024-05-25,@ KT,RP,,9.0,2.0,1,12,1,1,2,0,1,0,0,,Away,수원 KT 위즈파크,17:00,23.3
오석주,2024,Kiwoom,2024-05-12,@ Hanwha,RP,,4.5,1.0,2,40,1,1,1,0,4,1,0,,Away,대전 한화생명 볼파크,14:00,22.2
오석주,2024,Kiwoom,2024-05-07,vs. Doosan,RP,,22.5,4.0,2,46,5,5,7,0,2,1,0,,Home,고척 스카이돔,18:30,25.5
오석주,2023,LG,2023-10-09,vs. Lotte,RP,,0.0,2.0,1,23,0,0,0,0,0,2,0,,Home,잠실 야구장,18:30,19.8
오석주,2023,LG,2023-10-07,@ Kiwoom,RP,,9.0,3.0,1,22,1,1,3,0,2,0,0,,Away,고척 스카이돔,17:00,25.5
오석주,2023,LG,2023-09-09,@ Kia,RP,,36.0,6.0,1,38,4,4,5,1,1,1,0,,Away,광주 기아 챔피언스 필드,17:00,29.1
오석주,2023,LG,2023-09-07,@ KT,RP,,0.0,0.0,1,15,0,0,0,0,3,0,0,,Away,수원 KT 위즈파크,18:30,28.3
오석주,2023,LG,2023-07-30,@ Doosan,RP,,0.0,0.0,1,8,0,0,0,0,1,0,0,,Away,잠실 야구장,17:00,33.6
오석주,2023,LG,2023-07-28,@ Doosan,RP,,0.0,0.0,1,15,0,0,0,0,0,0,0,,Away,잠실 야구장,18:30,32.7
오석주,2023,LG,2023-07-05,vs. KT,RP,,18.0,2.0,1,18,2,2,2,1,1,0,0,,Home,잠실 야구장,18:30,27.5
오석주,2023,LG,2023-07-01,vs. Kia,RP,,0.0,0.5,2,20,0,0,1,0,1,0,0,,Home,잠실 야구장,18:00,31.6
오석주,2023,LG,2023-06-27,@ SSG,RP,,0.0,1.0,1,17,0,0,1,0,2,0,0,,Away,인천 SSG 랜더스필드,18:30,27.8
오석주,2022,LG,2022-10-08,@ Lotte,RP,,0.0,3.0,0 ⅔,12,0,0,2,0,0,0,0,,Away,사직 야구장,17:00,18.9
오석주,2022,LG,2022-07-02,vs. Lotte,RP,,9.0,1.0,1,7,1,1,1,1,0,0,0,,Home,잠실 야구장,18:00,33.3
오석주,2022,LG,2022-06-21,vs. Hanwha,RP,,0.0,1.0,1,13,0,0,1,0,0,0,0,,Home,잠실 야구장,18:30,30.9
오석주,2022,LG,2022-06-15,vs. Samsung,RP,,0.0,0.0,1,16,0,0,0,0,2,0,0,,Home,잠실 야구장,18:30,22.2
오석주,2021,LG,2021-09-21,@ Hanwha,RP,,67.5,7.5,0 ⅔,28,5,5,3,0,0,2,0,,Away,대전 한화생명 볼파크,18:30,25.8
오석주,2021,LG,2021-09-18,vs. Kia,RP,,0.0,,0,10,1,1,3,0,0,0,0,,Home,잠실 야구장,17:00,27.2
오석주,2021,LG,2021-09-17,@ NC,RP,,0.0,3.0,0 ⅓,7,0,0,1,0,0,0,0,,Away,창원 NC 파크,18:30,22.8
오석주,2021,LG,2021-09-12,@ Doosan,RP,,0.0,1.29,2 ⅓,37,0,0,1,0,2,2,0,,Away,잠실 야구장,14:00,28.6
오석주,2021,LG,2021-09-09,vs. Hanwha,RP,,0.0,0.0,1,7,0,0,0,0,1,0,0,,Home,잠실 야구장,18:30,27.8
오석주,2021,LG,2021-09-04,vs. KT,RP,,0.0,1.0,1,18,0,0,0,0,2,1,0,,Home,잠실 야구장,17:00,26.8
오석주,2021,LG,2021-09-02,vs. NC,RP,,0.0,1.0,1,18,0,0,0,0,1,1,0,,Home,잠실 야구장,18:30,26.3
오석주,2021,LG,2021-05-09,vs. Hanwha,RP,,0.0,0.0,1,12,0,0,0,0,1,0,0,,Home,잠실 야구장,14:00,20.9
오석주,2021,LG,2021-05-08,vs. Hanwha,RP,,0.0,1.0,1,16,0,0,1,0,0,0,0,,Home,잠실 야구장,17:00,18.0
원종현,2024,Kiwoom,2024-09-30,@ SSG,RP,,0.0,1.0,1,6,0,0,1,0,0,0,0,,Away,인천 SSG 랜더스필드,18:30,25.0
원종현,2024,Kiwoom,2024-09-27,@ KT,RP,,0.0,0.0,0 ⅔,7,0,0,0,0,1,0,0,,Away,수원 KT 위즈파크,18:30,26.0
원종현,2024,Kiwoom,2024-09-22,@ Samsung,RP,,18.0,3.0,1,21,2,2,2,0,1,1,0,,Away,대구 삼성 라이온즈 파크,14:00,25.7
원종현,2024,Kiwoom,2024-09-17,vs. KT,RP,,0.0,3.0,1,24,0,0,1,0,2,2,0,,Home,고척 스카이돔,18:30,25.5
원종현,2023,Kiwoom,2023-07-06,vs. NC,RP,,27.0,3.0,0 ⅔,19,2,2,2,0,1,0,0,,Home,고척 스카이돔,18:30,25.5
원종현,2023,Kiwoom,2023-07-04,vs. NC,RP,H,0.0,1.0,1,15,0,0,1,0,2,0,0,,Home,고척 스카이돔,18:30,25.5
원종현,2023,Kiwoom,2023-07-02,vs. SSG,RP,L,54.0,4.5,0 ⅔,18,4,4,3,0,1,0,0,,Home,고척 스카이돔,14:00,25.5
원종현,2023,Kiwoom,2023-07-01,vs. SSG,RP,H,0.0,2.0,1,17,0,0,1,0,1,1,0,,Home,고척 스카이돔,18:00,25.5
원종현,2023,Kiwoom,2023-06-28,@ Kia,RP,,0.0,3.0,1,20,0,0,1,0,0,2,0,,Away,광주 기아 챔피언스 필드,18:30,27.9
원종현,2023,Kiwoom,2023-06-21,@ Samsung,RP,W,0.0,0.0,1,12,0,0,0,0,2,0,0,,Away,대구 삼성 라이온즈 파크,18:30,23.9
원종현,2023,Kiwoom,2023-06-18,@ Hanwha,RP,H,9.0,1.0,1,18,1,1,1,1,2,0,0,,Away,대전 한화생명 볼파크,17:00,30.6
원종현,2023,Kiwoom,2023-06-17,@ Hanwha,RP,H,0.0,0.0,1,14,0,0,0,0,0,0,0,,Away,대전 한화생명 볼파크,17:00,28.8
원종현,2023,Kiwoom,2023-06-16,@ Hanwha,RP,,0.0,3.0,1,16,0,0,2,0,1,1,0,,Away,대전 한화생명 볼파크,18:30,28.9
원종현,2023,Kiwoom,2023-06-11,@ KT,RP,,18.0,3.0,1,23,2,2,3,1,1,0,0,,Away,수원 KT 위즈파크,17:00,26.9
원종현,2023,Kiwoom,2023-06-09,@ KT,RP,,0.0,0.0,1,9,0,0,0,0,0,0,0,,Away,수원 KT 위즈파크,18:30,25.5
원종현,2023,Kiwoom,2023-06-07,vs. LG,RP,,18.0,2.0,1,19,2,2,2,1,1,0,0,,Home,고척 스카이돔,18:30,25.5
원종현,2023,Kiwoom,2023-06-04,@ SSG,RP,H,0.0,1.0,1,12,0,0,0,0,1,1,0,,Away,인천 SSG 랜더스필드,17:00,21.7
원종현,2023,Kiwoom,2023-06-03,@ SSG,RP,H,0.0,1.0,1,15,0,0,1,0,0,0,0,,Away,인천 SSG 랜더스필드,17:00,23.5
원종현,2023,Kiwoom,2023-05-31,@ Hanwha,RP,,0.0,0.0,1,12,0,0,0,0,1,0,0,,Away,대전 한화생명 볼파크,18:30,26.9
원종현,2023,Kiwoom,2023-05-27,vs. Lotte,RP,,0.0,2.0,1,17,0,0,2,0,1,0,0,,Home,고척 스카이돔,17:00,25.5
원종현,2023,Kiwoom,2023-05-25,@ KT,RP,,0.0,1.5,0 ⅔,14,1,0,1,0,0,0,1,,Away,수원 KT 위즈파크,18:30,21.9
원종현,2023,Kiwoom,2023-05-19,@ Kia,RP,,0.0,0.0,1,9,0,0,0,0,0,0,0,,Away,광주 기아 챔피언스 필드,18:30,24.2
원종현,2023,Kiwoom,2023-04-02,vs. Hanwha,RP,,13.5,4.5,0 ⅔,28,3,1,3,0,1,0,0,,Home,고척 스카이돔,14:00,25.5
원종현,2023,Kiwoom,2023-04-01,vs. Hanwha,RP,,0.0,1.0,1,15,1,0,1,0,1,0,0,,Home,고척 스카이돔,14:00,25.5
원종현,2022,NC,2022-10-06,vs. SSG,RP,,0.0,0.0,1,11,0,0,0,0,1,0,0,,Home,창원 NC 파크,18:30,17.4
원종현,2022,NC,2022-10-05,vs. Lotte,RP,H,0.0,2.0,1,23,0,0,0,0,2,2,0,,Home,창원 NC 파크,18:30,17.7
원종현,2022,NC,2022-10-01,@ LG,RP,H,0.0,0.0,1,14,0,0,0,0,1,0,0,,Away,잠실 야구장,17:00,25.1
원종현,2022,NC,2022-09-30,@ LG,RP,,0.0,6.0,0 ⅓,12,0,0,1,0,0,1,0,,Away,잠실 야구장,18:30,24.3
원종현,2022,NC,2022-09-28,vs. Samsung,RP,H,0.0,1.5,0 ⅔,6,0,0,1,0,0,0,0,,Home,창원 NC 파크,18:30,23.7
원종현,2022,NC,2022-09-27,vs. Kiwoom,RP,,9.0,2.0,1,18,1,1,2,0,1,0,0,,Home,창원 NC 파크,18:30,24.5
원종현,2022,NC,2022-09-23,vs. Kia,RP,H,0.0,1.0,1,12,0,0,0,0,0,1,0,,Home,창원 NC 파크,18:30,23.4
원종현,2022,NC,2022-09-21,@ Doosan,RP,,0.0,1.0,1,12,0,0,1,0,2,0,0,,Away,잠실 야구장,18:30,21.9
원종현,2022,NC,2022-09-18,@ Kiwoom,RP,,0.0,0.0,0 ⅓,2,0,0,0,0,0,0,0,,Away,고척 스카이돔,14:00,25.5
원종현,2022,NC,2022-09-15,vs. SSG,RP,,0.0,1.0,1,14,0,0,1,0,1,0,0,,Home,창원 NC 파크,18:30,27.1
원종현,2022,NC,2022-09-13,vs. Samsung,RP,,0.0,0.0,1,14,0,0,0,0,1,0,0,,Home,창원 NC 파크,18:30,26.4
원종현,2022,NC,2022-09-11,@ Lotte,RP,H,0.0,1.0,1,9,0,0,1,0,0,0,0,,Away,사직 야구장,14:00,28.7
원종현,2022,NC,2022-09-10,@ Lotte,RP,W,0.0,0.0,0 ⅓,1,0,0,0,0,0,0,0,,Away,사직 야구장,17:00,24.8
원종현,2022,NC,2022-09-08,@ KT,RP,,0.0,0.0,1,14,0,0,0,0,1,0,0,,Away,수원 KT 위즈파크,18:30,26.1
원종현,2022,NC,2022-09-06,vs. Doosan,RP,,0.0,1.5,0 ⅔,15,0,0,1,0,0,0,0,,Home,창원 NC 파크,18:30,25.1
원종현,2022,NC,2022-09-01,@ SSG,RP,H,0.0,2.0,1,20,0,0,1,0,1,1,0,,Away,인천 SSG 랜더스필드,18:30,28.0
원종현,2022,NC,2022-08-31,@ LG,RP,,0.0,1.0,1,10,0,0,0,0,0,1,0,,Away,잠실 야구장,18:30,26.0
원종현,2022,NC,2022-08-27,vs. KT,RP,,0.0,0.0,0 ⅔,12,0,0,0,0,1,0,0,,Home,창원 NC 파크,18:00,25.2
원종현,2022,NC,2022-08-25,vs. Kiwoom,RP,,54.0,6.0,0 ⅔,18,4,4,3,0,0,1,0,,Home,창원 NC 파크,18:30,27.5
원종현,2022,NC,2022-08-24,vs. Lotte,RP,,0.0,0.0,1,14,0,0,0,0,1,0,0,,Home,창원 NC 파크,18:30,23.9
원종현,2022,NC,2022-08-21,@ Samsung,RP,H,0.0,0.0,1 ⅓,14,0,0,0,0,1,0,0,,Away,대구 삼성 라이온즈 파크,17:00,28.5
원종현,2022,NC,2022-08-18,@ Kia,RP,,0.0,3.0,0 ⅓,13,0,0,0,0,0,1,0,,Away,광주 기아 챔피언스 필드,18:30,30.6
원종현,2022,NC,2022-08-17,vs. Hanwha,RP,,0.0,0.0,1,18,0,0,0,0,1,0,0,,Home,창원 NC 파크,18:30,27.0
원종현,2022,NC,2022-08-14,vs. LG,RP,,0.0,0.0,1,10,0,0,0,0,1,0,0,,Home,창원 NC 파크,17:00,31.9
원종현,2022,NC,2022-08-11,@ Doosan,RP,,13.5,3.0,0 ⅔,16,1,1,2,1,0,0,0,,Away,잠실 야구장,18:30,28.4
원종현,2022,NC,2022-08-07,@ Lotte,RP,,0.0,0.0,1,11,0,0,0,0,2,0,0,,Away,사직 야구장,17:00,32.1
원종현,2022,NC,2022-08-04,vs. KT,RP,,0.0,0.0,1,14,0,0,0,0,2,0,0,,Home,창원 NC 파크,18:30,30.8
원종현,2022,NC,2022-07-29,vs. Kiwoom,RP,H,0.0,1.0,1,10,0,0,1,0,0,0,0,,Home,창원 NC 파크,18:30,32.4
원종현,2022,NC,2022-07-28,@ Kia,RP,H,0.0,6.0,0 ⅓,11,0,0,2,0,1,0,0,,Away,광주 기아 챔피언스 필드,18:30,32.2
원종현,2022,NC,2022-07-26,@ Kia,RP,,0.0,0.0,1,11,0,0,0,0,0,0,0,,Away,광주 기아 챔피언스 필드,18:30,31.1
원종현,2022,NC,2022-07-22,vs. LG,RP,,0.0,0.0,0 ⅓,11,0,0,0,0,1,0,0,,Home,창원 NC 파크,18:30,26.7
원종현,2022,NC,2022-07-12,vs. Doosan,RP,,81.0,9.0,0 ⅓,15,3,3,3,1,1,0,0,,Home,창원 NC 파크,18:30,26.8
원종현,2022,NC,2022-07-10,@ Kiwoom,RP,,0.0,0.0,1,5,0,0,0,0,0,0,0,,Away,고척 스카이돔,14:00,25.5
원종현,2022,NC,2022-07-07,@ Hanwha,RP,,0.0,1.5,0 ⅔,8,0,0,1,0,0,0,0,,Away,대전 한화생명 볼파크,18:30,31.5
원종현,2022,NC,2022-07-06,@ Hanwha,RP,W,0.0,0.0,1,16,0,0,0,0,1,0,0,,Away,대전 한화생명 볼파크,18:30,32.7
원종현,2022,NC,2022-07-03,vs. Samsung,RP,,0.0,0.0,1,9,0,0,0,0,0,0,0,,Home,창원 NC 파크,17:00,32.2
원종현,2022,NC,2022-06-25,@ SSG,RP,,0.0,0.86,2 ⅓,35,0,0,1,0,3,1,0,,Away,인천 SSG 랜더스필드,17:00,27.8
원종현,2022,NC,2022-06-19,vs. Hanwha,RP,H,0.0,1.0,1,18,0,0,1,0,3,0,0,,Home,창원 NC 파크,17:00,28.7
원종현,2022,NC,2022-06-17,vs. Hanwha,RP,,0.0,1.0,1,12,0,0,1,0,1,0,0,,Home,창원 NC 파크,18:30,25.6
원종현,2022,NC,2022-06-16,vs. Kia,RP,,54.0,6.0,0 ⅓,20,2,2,1,1,1,1,0,,Home,창원 NC 파크,18:30,24.9
원종현,2022,NC,2022-06-12,@ Samsung,RP,,0.0,,0,3,1,1,1,1,0,0,0,,Away,대구 삼성 라이온즈 파크,17:00,22.9
원종현,2022,NC,2022-06-11,@ Samsung,RP,,0.0,0.75,1 ⅓,15,0,0,1,0,1,0,0,,Away,대구 삼성 라이온즈 파크,17:00,26.0
원종현,2022,NC,2022-06-08,vs. SSG,RP,,0.0,1.5,0 ⅔,12,0,0,1,0,0,0,0,,Home,창원 NC 파크,18:30,20.1
원종현,2022,NC,2022-06-07,vs. SSG,RP,SV,0.0,0.6,1 ⅔,21,0,0,1,0,0,0,0,,Home,창원 NC 파크,18:30,19.7
원종현,2022,NC,2022-06-03,vs. Lotte,RP,H,0.0,0.0,1,6,0,0,0,0,1,0,0,,Home,창원 NC 파크,18:30,22.7
원종현,2022,NC,2022-06-02,@ Hanwha,RP,,6.75,1.5,1 ⅓,20,2,1,2,0,1,0,0,,Away,대전 한화생명 볼파크,18:30,27.0
원종현,2022,NC,2022-05-31,@ Hanwha,RP,,0.0,1.0,1,11,0,0,1,0,1,0,0,,Away,대전 한화생명 볼파크,18:30,26.4
원종현,2022,NC,2022-05-29,vs. Doosan,RP,,0.0,1.5,0 ⅔,11,0,0,1,0,1,0,0,,Home,창원 NC 파크,14:00,28.1
원종현,2022,NC,2022-05-26,vs. KT,RP,,0.0,0.0,1 ⅓,14,0,0,0,0,1,0,0,,Home,창원 NC 파크,18:30,24.2
원종현,2022,NC,2022-05-24,vs. KT,RP,W,0.0,1.5,2,30,0,0,2,0,2,1,0,,Home,창원 NC 파크,18:30,25.6
원종현,2022,NC,2022-05-21,@ Kia,RP,,9.0,2.0,1,21,1,1,2,0,0,0,0,,Away,광주 기아 챔피언스 필드,17:00,26.4
원종현,2022,NC,2022-05-19,vs. Kiwoom,RP,,0.0,1.5,0 ⅔,17,0,0,0,0,0,1,1,,Home,창원 NC 파크,18:30,21.4
원종현,2022,NC,2022-05-15,@ SSG,RP,W,10.8,1.8,1 ⅔,34,2,2,2,0,1,1,0,,Away,인천 SSG 랜더스필드,14:00,18.2
원종현,2022,NC,2022-05-14,@ SSG,RP,,0.0,1.0,1,14,0,0,0,0,0,1,0,,Away,인천 SSG 랜더스필드,17:00,16.1
원종현,2022,NC,2022-05-12,@ Lotte,RP,H,9.0,2.0,1,14,1,1,2,0,0,0,0,,Away,사직 야구장,18:30,19.6
원종현,2022,NC,2022-05-11,@ Lotte,RP,,0.0,1.5,1 ⅓,20,0,0,1,0,0,1,0,,Away,사직 야구장,18:30,19.4
원종현,2022,NC,2022-05-08,vs. LG,RP,,0.0,0.5,2,17,0,0,1,0,1,0,0,,Home,창원 NC 파크,14:00,19.8
원종현,2022,NC,2022-05-04,@ Samsung,RP,H,0.0,1.5,0 ⅔,9,0,0,1,0,0,0,0,,Away,대구 삼성 라이온즈 파크,18:30,17.8
원종현,2022,NC,2022-04-29,vs. Hanwha,RP,,0.0,0.0,1,14,0,0,0,0,0,0,0,,Home,창원 NC 파크,18:30,12.0
원종현,2022,NC,2022-04-26,@ Doosan,RP,,0.0,1.0,1,17,0,0,1,0,2,0,0,,Away,잠실 야구장,18:30,25.6
원종현,2022,NC,2022-04-23,@ KT,RP,,13.5,1.5,0 ⅔,9,1,1,1,1,0,0,0,,Away,수원 KT 위즈파크,17:00,24.7
원종현,2022,NC,2022-04-21,vs. Samsung,RP,,9.0,4.0,1,30,1,1,3,0,0,1,0,,Home,창원 NC 파크,18:30,13.7
원종현,2022,NC,2022-04-19,vs. Samsung,RP,W,9.0,2.0,1,18,1,1,1,0,1,1,0,,Home,창원 NC 파크,18:30,19.5
원종현,2022,NC,2022-04-17,vs. Kia,RP,,0.0,3.0,0 ⅓,7,0,0,1,0,0,0,0,,Home,창원 NC 파크,14:00,21.5
원종현,2022,NC,2022-04-14,@ Kiwoom,RP,,0.0,0.0,1,12,0,0,0,0,0,0,0,,Away,고척 스카이돔,18:30,25.5
원종현,2022,NC,2022-04-13,@ Kiwoom,RP,,0.0,0.0,1,11,0,0,0,0,3,0,0,,Away,고척 스카이돔,18:30,25.5
원종현,2022,NC,2022-04-07,vs. Lotte,RP,,0.0,2.0,1,11,0,0,2,0,1,0,0,,Home,창원 NC 파크,18:30,19.9
원종현,2022,NC,2022-04-02,vs. SSG,RP,,13.5,3.0,0 ⅔,11,1,1,2,0,1,0,0,,Home,창원 NC 파크,14:00,14.3
원종현,2021,NC,2021-10-30,vs. Samsung,RP,,9.0,2.0,1,17,1,1,1,0,1,1,0,,Home,창원 NC 파크,17:00,16.6
원종현,2021,NC,2021-10-29,vs. Samsung,RP,H,0.0,0.0,1,13,0,0,0,0,1,0,0,,Home,창원 NC 파크,18:30,15.7
원종현,2021,NC,2021-10-28,@ KT,RP,,0.0,3.0,0 ⅔,8,0,0,1,0,1,1,0,,Away,수원 KT 위즈파크,18:30,16.2
원종현,2021,NC,2021-10-26,vs. SSG,RP,,0.0,2.0,1,25,0,0,1,0,2,1,0,,Home,창원 NC 파크,18:30,15.1
원종현,2021,NC,2021-10-24,vs. Kia,RP,W,0.0,1.0,1,15,0,0,1,0,0,0,0,,Home,창원 NC 파크,14:00,19.1
원종현,2021,NC,2021-10-17,vs. LG,RP,L,9.0,2.0,1,21,1,1,1,0,0,1,0,,Home,창원 NC 파크,14:00,13.2
원종현,2021,NC,2021-10-16,vs. LG,RP,,0.0,0.0,1,12,0,0,0,0,1,0,0,,Home,창원 NC 파크,17:00,15.4
원종현,2021,NC,2021-10-13,@ Kiwoom,RP,,0.0,3.0,0 ⅔,16,0,0,1,0,1,1,0,,Away,고척 스카이돔,18:30,25.5
원종현,2021,NC,2021-10-07,vs. Samsung,RP,,0.0,3.0,0 ⅔,12,0,0,1,0,1,1,0,,Home,창원 NC 파크,18:30,23.5
원종현,2021,NC,2021-10-05,@ KT,RP,,0.0,1.5,0 ⅔,9,0,0,1,0,0,0,0,,Away,수원 KT 위즈파크,18:30,25.2
원종현,2021,NC,2021-10-03,@ Lotte,RP,H,0.0,6.0,0 ⅓,14,0,0,2,0,0,0,0,,Away,사직 야구장,14:00,27.2
원종현,2021,NC,2021-10-01,vs. SSG,RP,,0.0,,0,6,1,1,2,1,0,0,0,,Home,창원 NC 파크,18:30,22.4
원종현,2021,NC,2021-09-28,vs. Kia,RP,,0.0,2.0,1,15,1,0,1,0,0,1,0,,Home,창원 NC 파크,18:30,24.6
원종현,2021,NC,2021-09-26,@ Samsung,RP,,0.0,0.0,0 ⅓,2,0,0,0,0,0,0,0,,Away,대구 삼성 라이온즈 파크,14:00,25.1
원종현,2021,NC,2021-09-23,@ Kiwoom,RP,,0.0,0.0,0 ⅔,9,0,0,0,0,1,0,0,,Away,고척 스카이돔,18:30,25.5
원종현,2021,NC,2021-09-19,vs. KT,RP,,36.0,5.0,1,26,4,4,4,0,1,1,0,,Home,창원 NC 파크,14:00,26.5
원종현,2021,NC,2021-09-17,vs. LG,RP,H,0.0,0.0,0 ⅓,1,0,0,0,0,0,0,0,,Home,창원 NC 파크,18:30,22.8
원종현,2021,NC,2021-09-16,vs. LG,RP,H,0.0,0.0,1,14,0,0,0,0,0,0,0,,Home,창원 NC 파크,18:30,24.5
원종현,2021,NC,2021-09-14,vs. Kiwoom,RP,,0.0,0.0,1,8,0,0,0,0,1,0,0,,Home,창원 NC 파크,18:30,24.6
원종현,2021,NC,2021-09-12,@ Kia,RP,,0.0,,0,3,0,0,2,0,0,0,0,,Away,광주 기아 챔피언스 필드,14:00,29.7
원종현,2021,NC,2021-09-11,@ Kia,RP,,0.0,2.0,1,18,0,0,1,0,2,1,0,,Away,광주 기아 챔피언스 필드,17:00,29.8
원종현,2021,NC,2021-09-08,vs. Hanwha,RP,,0.0,0.0,0 ⅔,1,0,0,0,0,0,0,0,,Home,창원 NC 파크,18:30,26.1
원종현,2021,NC,2021-09-05,vs. Lotte,RP,,9.0,3.0,1,22,1,1,2,0,0,1,0,,Home,창원 NC 파크,14:00,24.8
원종현,2021,NC,2021-09-03,@ LG,RP,H,0.0,0.0,1,7,0,0,0,0,1,0,0,,Away,잠실 야구장,18:30,27.0
원종현,2021,NC,2021-09-01,@ SSG,RP,H,0.0,2.0,1,23,0,0,2,0,2,0,0,,Away,인천 SSG 랜더스필드,18:30,23.8
원종현,2021,NC,2021-08-28,@ Hanwha,RP,,27.0,5.0,1,21,4,3,5,1,1,0,0,,Away,대전 한화생명 볼파크,18:00,27.2
원종현,2021,NC,2021-08-26,vs. Doosan,RP,,0.0,0.0,1,10,0,0,0,0,0,0,0,,Home,창원 NC 파크,18:30,29.3
원종현,2021,NC,2021-08-19,@ SSG,RP,,13.5,3.0,0 ⅔,23,1,1,2,1,1,0,0,,Away,인천 SSG 랜더스필드,18:30,27.4
원종현,2021,NC,2021-08-15,@ Hanwha,RP,,0.0,4.5,0 ⅔,13,0,0,2,0,0,1,0,,Away,대전 한화생명 볼파크,17:00,30.7
원종현,2021,NC,2021-08-14,@ Hanwha,RP,,9.0,1.0,1,18,1,1,1,1,2,0,0,,Away,대전 한화생명 볼파크,18:00,29.1
원종현,2021,NC,2021-08-12,vs. Lotte,RP,SV,0.0,2.0,1,20,0,0,1,0,0,1,0,,Home,창원 NC 파크,18:30,28.6
원종현,2021,NC,2021-08-11,vs. Lotte,RP,,0.0,1.0,1,15,0,0,1,0,1,0,0,,Home,창원 NC 파크,18:30,27.2
원종현,2021,NC,2021-07-06,@ Doosan,RP,,9.0,3.0,1,15,1,1,3,0,0,0,0,,Away,잠실 야구장,18:30,28.6
원종현,2021,NC,2021-06-27,vs. SSG,RP,W,0.0,0.0,1,12,0,0,0,0,1,0,0,,Home,창원 NC 파크,17:00,26.6
원종현,2021,NC,2021-06-26,vs. SSG,RP,,0.0,0.5,2,28,0,0,1,0,2,0,0,,Home,창원 NC 파크,17:00,25.6
원종현,2021,NC,2021-06-24,@ Lotte,RP,SV,0.0,3.0,1,19,0,0,2,0,0,1,0,,Away,사직 야구장,18:30,24.0
원종현,2021,NC,2021-06-22,@ Lotte,RP,SV,0.0,2.0,1,24,0,0,2,0,1,0,0,,Away,사직 야구장,18:30,23.0
원종현,2021,NC,2021-06-18,vs. Kiwoom,RP,,0.0,0.0,1,8,0,0,0,0,1,0,0,,Home,창원 NC 파크,18:30,23.2
원종현,2021,NC,2021-06-17,vs. KT,RP,,0.0,0.0,1,7,0,0,0,0,2,0,0,,Home,창원 NC 파크,18:30,23.0
원종현,2021,NC,2021-06-11,@ Samsung,RP,SV,0.0,0.0,1,9,0,0,0,0,0,0,0,,Away,대구 삼성 라이온즈 파크,18:30,23.9
원종현,2021,NC,2021-06-06,vs. Hanwha,RP,,40.5,6.0,0 ⅔,19,3,3,2,0,1,2,0,,Home,창원 NC 파크,17:00,24.6
원종현,2021,NC,2021-06-04,vs. Hanwha,RP,SV,0.0,0.0,1,12,0,0,0,0,0,0,0,,Home,창원 NC 파크,18:30,22.7
원종현,2021,NC,2021-06-01,vs. Doosan,RP,,0.0,1.5,0 ⅔,6,0,0,1,0,0,0,0,,Home,창원 NC 파크,18:30,21.6
원종현,2021,NC,2021-05-30,@ Lotte,RP,SV,0.0,1.5,0 ⅔,9,0,0,1,0,0,0,0,,Away,사직 야구장,14:00,23.5
원종현,2021,NC,2021-05-29,@ Lotte,RP,,9.0,3.0,1,26,1,1,2,0,1,1,0,,Away,사직 야구장,17:00,22.0
원종현,2021,NC,2021-05-27,vs. Samsung,RP,SV,0.0,1.0,1,12,0,0,1,0,1,0,0,,Home,창원 NC 파크,18:30,21.0
원종현,2021,NC,2021-05-19,@ LG,RP,,9.0,2.0,1,23,1,1,1,0,1,1,1,,Away,잠실 야구장,18:30,25.3
원종현,2021,NC,2021-05-14,vs. Kia,RP,SV,0.0,3.0,1,34,0,0,1,0,3,2,0,,Home,창원 NC 파크,18:30,19.7
원종현,2021,NC,2021-05-13,@ Hanwha,RP,SV,9.0,3.0,1,22,1,1,2,0,1,1,2,,Away,대전 한화생명 볼파크,18:30,29.1
원종현,2021,NC,2021-05-12,@ Hanwha,RP,SV,0.0,0.0,1,17,0,0,0,0,2,0,0,,Away,대전 한화생명 볼파크,18:30,25.3
원종현,2021,NC,2021-05-09,@ KT,RP,,0.0,1.0,1,10,0,0,0,0,0,1,0,,Away,수원 KT 위즈파크,14:00,20.1
원종현,2021,NC,2021-05-08,@ KT,RP,SV,0.0,1.0,1,10,0,0,1,0,0,0,0,,Away,수원 KT 위즈파크,17:00,18.9
원종현,2021,NC,2021-05-02,vs. Kiwoom,RP,,0.0,1.0,1,12,0,0,0,0,0,1,0,,Home,창원 NC 파크,14:00,16.0
원종현,2021,NC,2021-04-30,vs. Kiwoom,RP,,0.0,2.0,1,25,0,0,2,0,1,0,0,,Home,창원 NC 파크,18:30,19.9
원종현,2021,NC,2021-04-28,@ Samsung,RP,,27.0,6.0,0 ⅓,12,1,1,2,0,1,0,0,,Away,대구 삼성 라이온즈 파크,18:30,17.2
원종현,2021,NC,2021-04-21,vs. KT,RP,SV,0.0,1.0,1,18,0,0,0,0,0,1,0,,Home,창원 NC 파크,18:30,19.9
원종현,2021,NC,2021-04-14,@ SSG,RP,SV,0.0,1.0,1,9,0,0,1,0,1,0,0,,Away,인천 SSG 랜더스필드,18:30,7.7
원종현,2021,NC,2021-04-13,@ SSG,RP,SV,0.0,0.0,1,8,0,0,0,0,0,0,0,,Away,인천 SSG 랜더스필드,18:30,6.8
원종현,2021,NC,2021-04-11,@ Kia,RP,,0.0,2.0,1,24,0,0,2,0,2,0,0,,Away,광주 기아 챔피언스 필드,14:00,21.6
원종현,2021,NC,2021-04-06,vs. Lotte,RP,L,108.0,12.0,0 ⅓,18,4,4,4,1,0,0,0,,Home,창원 NC 파크,18:30,16.7
원종현,2021,NC,2021-04-04,vs. LG,RP,,0.0,0.0,1,18,0,0,0,0,2,0,0,,Home,창원 NC 파크,14:00,11.2
원종현,2020,NC,2020-10-30,@ Samsung,RP,,0.0,0.0,1,11,0,0,0,0,0,0,0,,Away,대구 삼성 라이온즈 파크,18:30,14.4
원종현,2020,NC,2020-10-24,vs. LG,RP,,0.0,0.0,2,23,0,0,0,0,0,0,0,,Home,창원 NC 파크,17:00,15.7
원종현,2020,NC,2020-10-17,vs. Lotte,RP,SV,0.0,0.0,1,11,0,0,0,0,0,0,0,,Home,창원 NC 파크,17:00,18.9
원종현,2020,NC,2020-10-16,vs. Lotte,RP,,0.0,,0,9,1,1,1,0,0,1,0,,Home,창원 NC 파크,18:30,15.1
원종현,2020,NC,2020-10-15,vs. Kia,RP,L,9.0,4.0,1,20,1,1,4,0,0,0,0,,Home,창원 NC 파크,18:30,17.2
원종현,2020,NC,2020-10-11,@ LG,RP,,0.0,,0,11,3,0,2,0,0,0,1,,Away,잠실 야구장,14:00,20.3
원종현,2020,NC,2020-10-07,@ Kiwoom,RP,SV,0.0,2.0,1,15,0,0,2,0,0,0,0,,Away,고척 스카이돔,18:30,25.5
원종현,2020,NC,2020-10-04,vs. Samsung,RP,SV,0.0,2.0,1,24,0,0,1,0,0,1,0,,Home,창원 NC 파크,14:00,24.8
원종현,2020,NC,2020-10-03,vs. Samsung,RP,,0.0,1.0,1,16,0,0,1,0,1,0,0,,Home,창원 NC 파크,17:00,23.2
원종현,2020,NC,2020-09-29,vs. SK,RP,SV,0.0,0.0,1,7,0,0,0,0,2,0,0,,Home,창원 NC 파크,18:30,21.3
원종현,2020,NC,2020-09-27,@ Hanwha,RP,SV,18.0,3.0,1,27,2,2,2,0,2,1,0,,Away,대전 한화생명 볼파크,14:00,24.4
원종현,2020,NC,2020-09-23,vs. Samsung,RP,SV,13.5,1.5,0 ⅔,6,1,1,1,0,0,0,0,,Home,창원 NC 파크,18:30,21.4
원종현,2020,NC,2020-09-22,vs. Samsung,RP,SV,9.0,3.0,1,30,1,1,2,0,2,1,0,,Home,창원 NC 파크,18:30,20.8
원종현,2020,NC,2020-09-20,@ Lotte,RP,SV,0.0,0.0,1 ⅓,11,0,0,0,0,0,0,0,,Away,사직 야구장,14:00,24.6
원종현,2020,NC,2020-09-17,@ SK,RP,SV,0.0,0.0,1,11,0,0,0,0,1,0,0,,Away,인천 SSG 랜더스필드,18:30,22.4
원종현,2020,NC,2020-09-16,@ Doosan,RP,SV,0.0,0.0,1,10,0,0,0,0,1,0,0,,Away,잠실 야구장,18:30,24.7
원종현,2020,NC,2020-09-13,vs. Kia,RP,,0.0,2.0,1,7,0,0,2,0,0,0,0,,Home,창원 NC 파크,14:00,23.0
원종현,2020,NC,2020-09-09,vs. Lotte,RP,L,27.0,4.0,1,23,3,3,2,0,0,2,0,,Home,창원 NC 파크,18:30,25.9
원종현,2020,NC,2020-09-04,@ LG,RP,,0.0,3.0,1 ⅓,30,0,0,2,0,1,2,0,,Away,잠실 야구장,18:30,25.5
원종현,2020,NC,2020-09-01,@ Kiwoom,RP,SV,0.0,0.0,1,15,0,0,0,0,1,0,0,,Away,고척 스카이돔,18:30,25.5
원종현,2020,NC,2020-08-30,vs. SK,RP,SV,0.0,1.0,1,13,0,0,1,0,1,0,0,,Home,창원 NC 파크,17:00,30.5
원종현,2020,NC,2020-08-29,vs. SK,RP,SV,0.0,0.0,0 ⅔,5,0,0,0,0,0,0,0,,Home,창원 NC 파크,18:00,31.0
원종현,2020,NC,2020-08-25,vs. Hanwha,RP,,0.0,1.0,1,11,0,0,1,0,2,0,0,,Home,창원 NC 파크,18:30,31.3
원종현,2020,NC,2020-08-18,vs. Kiwoom,RP,,0.0,0.0,1,16,0,0,0,0,0,0,0,,Home,창원 NC 파크,18:30,33.1
원종현,2020,NC,2020-08-15,vs. LG,RP,,0.0,1.5,0 ⅔,9,0,0,1,0,1,0,0,,Home,창원 NC 파크,18:00,31.8
원종현,2020,NC,2020-08-06,@ Hanwha,RP,SV,0.0,0.0,1,10,0,0,0,0,1,0,0,,Away,대전 한화생명 볼파크,18:30,29.1
원종현,2020,NC,2020-08-01,vs. Doosan,RP,L,54.0,7.5,0 ⅔,13,4,4,4,0,0,1,0,,Home,창원 NC 파크,18:00,29.2
원종현,2020,NC,2020-07-31,vs. Doosan,RP,SV,0.0,2.0,1,19,0,0,2,0,1,0,0,,Home,창원 NC 파크,18:30,30.7
원종현,2020,NC,2020-07-28,@ Lotte,RP,L,40.5,4.5,0 ⅔,23,3,3,2,1,2,1,0,,Away,사직 야구장,18:30,24.9
원종현,2020,NC,2020-07-24,@ KT,RP,SV,0.0,0.75,1 ⅓,21,0,0,0,0,1,1,0,,Away,수원 KT 위즈파크,18:30,26.0
원종현,2020,NC,2020-07-21,vs. Samsung,RP,W,0.0,1.5,0 ⅔,13,0,0,1,0,2,0,0,,Home,창원 NC 파크,18:30,28.4
원종현,2020,NC,2020-07-17,vs. KT,RP,,0.0,2.0,1,25,0,0,1,0,0,1,0,,Home,창원 NC 파크,18:30,25.3
원종현,2020,NC,2020-07-11,@ LG,RP,,0.0,0.0,1,13,0,0,0,0,2,0,0,,Away,잠실 야구장,18:00,28.6
원종현,2020,NC,2020-07-07,@ SK,RP,SV,20.25,3.0,1 ⅓,31,3,3,3,0,2,1,0,,Away,인천 SSG 랜더스필드,18:30,26.4
원종현,2020,NC,2020-07-05,vs. Kia,RP,,40.5,6.0,0 ⅔,17,3,3,4,1,0,0,0,,Home,창원 NC 파크,17:00,24.9
원종현,2020,NC,2020-07-02,vs. Lotte,RP,SV,0.0,0.0,1 ⅔,28,0,0,0,0,1,0,1,,Home,창원 NC 파크,18:30,24.1
원종현,2020,NC,2020-06-30,vs. Lotte,RP,,0.0,1.5,2,18,0,0,0,0,0,3,0,,Home,창원 NC 파크,18:30,25.8
원종현,2020,NC,2020-06-28,@ Doosan,RP,,0.0,0.0,1,10,0,0,0,0,0,0,0,,Away,잠실 야구장,17:00,29.4
원종현,2020,NC,2020-06-25,@ KT,RP,SV,0.0,0.0,1,12,0,0,0,0,1,0,0,,Away,수원 KT 위즈파크,18:30,24.2
원종현,2020,NC,2020-06-23,@ KT,RP,SV,0.0,1.0,1,14,0,0,0,0,0,1,0,,Away,수원 KT 위즈파크,18:30,27.0
원종현,2020,NC,2020-06-21,vs. Hanwha,RP,W,0.0,0.0,1 ⅓,12,0,0,0,0,1,0,0,,Home,창원 NC 파크,17:00,23.5
원종현,2020,NC,2020-06-19,vs. Hanwha,RP,SV,0.0,2.0,1,18,0,0,1,0,2,1,0,,Home,창원 NC 파크,18:30,24.3
원종현,2020,NC,2020-06-14,vs. Kiwoom,RP,,0.0,1.0,1,13,0,0,1,0,0,0,0,,Home,창원 NC 파크,17:00,29.2
원종현,2020,NC,2020-06-12,vs. Kiwoom,RP,,0.0,1.0,1,16,0,0,1,0,1,0,0,,Home,창원 NC 파크,18:30,27.3
원종현,2020,NC,2020-06-11,vs. Doosan,RP,SV,0.0,0.0,1,12,0,0,0,0,0,0,0,,Home,창원 NC 파크,18:30,27.2
원종현,2020,NC,2020-06-07,@ Hanwha,RP,,0.0,0.0,1,10,0,0,0,0,2,0,0,,Away,대전 한화생명 볼파크,17:00,29.3
원종현,2020,NC,2020-06-03,vs. SK,RP,,18.0,2.0,1,20,2,2,2,1,0,0,0,,Home,창원 NC 파크,18:30,25.6
원종현,2020,NC,2020-05-29,@ Samsung,RP,L,27.0,4.5,0 ⅔,8,2,2,3,0,0,0,0,,Away,대구 삼성 라이온즈 파크,18:30,21.5
원종현,2020,NC,2020-05-28,vs. Kiwoom,RP,SV,0.0,0.0,0 ⅔,3,0,0,0,0,0,0,0,,Home,창원 NC 파크,18:30,22.6
원종현,2020,NC,2020-05-26,vs. Kiwoom,RP,SV,0.0,0.0,1 ⅓,15,0,0,0,0,0,0,0,,Home,창원 NC 파크,18:30,21.2
원종현,2020,NC,2020-05-23,vs. Hanwha,RP,SV,0.0,2.0,1,13,0,0,2,0,0,0,0,,Home,창원 NC 파크,17:00,19.7
원종현,2020,NC,2020-05-19,@ Doosan,RP,SV,0.0,0.75,1 ⅓,19,0,0,1,0,2,0,0,,Away,잠실 야구장,18:30,14.9
원종현,2020,NC,2020-05-16,@ SK,RP,SV,0.0,1.0,1,13,0,0,0,0,1,1,0,,Away,인천 SSG 랜더스필드,17:00,16.7
원종현,2020,NC,2020-05-14,vs. KT,RP,SV,0.0,6.0,0 ⅓,8,0,0,2,0,1,0,0,,Home,창원 NC 파크,18:30,22.5
원종현,2020,NC,2020-05-13,vs. KT,RP,,9.0,1.0,1,15,1,1,1,1,1,0,0,,Home,창원 NC 파크,18:30,22.2
원종현,2020,NC,2020-05-12,vs. KT,RP,W,0.0,1.0,1,15,0,0,0,0,1,1,0,,Home,창원 NC 파크,18:30,19.4
원종현,2020,NC,2020-05-06,@ Samsung,RP,SV,0.0,0.0,1,12,0,0,0,0,0,0,0,,Away,대구 삼성 라이온즈 파크,18:30,19.2
원종현,2020,NC,2020-05-05,@ Samsung,RP,SV,0.0,0.0,0 ⅔,7,0,0,0,0,1,0,0,,Away,대구 삼성 라이온즈 파크,14:00,18.1
양지율,2024,Kiwoom,2024-09-26,@ LG,RP,L,0.0,,0,12,2,2,0,0,0,2,0,,Away,잠실 야구장,18:30,26.5
양지율,2024,Kiwoom,2024-09-24,vs. Hanwha,RP,,0.0,,0,10,2,2,1,0,0,1,0,,Home,고척 스카이돔,18:30,25.5
양지율,2024,Kiwoom,2024-09-19,@ SSG,RP,,0.0,0.6,1 ⅔,20,0,0,1,0,0,0,0,,Away,인천 SSG 랜더스필드,18:30,31.2
양지율,2024,Kiwoom,2024-09-17,vs. KT,RP,,0.0,0.0,1,15,0,0,0,0,1,0,0,,Home,고척 스카이돔,18:30,25.5
양지율,2024,Kiwoom,2024-08-15,vs. Kia,RP,,81.0,15.0,0 ⅓,27,3,3,3,0,0,2,0,,Home,고척 스카이돔,18:30,25.5
양지율,2024,Kiwoom,2024-08-09,@ Hanwha,RP,L,27.0,6.0,0 ⅔,27,2,2,2,0,1,2,0,,Away,대전 한화생명 볼파크,18:30,32.4
양지율,2024,Kiwoom,2024-08-07,vs. SSG,RP,,9.0,1.0,1,14,1,1,1,0,0,0,1,,Home,고척 스카이돔,18:30,25.5
양지율,2024,Kiwoom,2024-08-06,vs. SSG,RP,,0.0,3.0,0 ⅓,8,0,0,0,0,0,1,0,,Home,고척 스카이돔,18:30,25.5
양지율,2024,Kiwoom,2024-08-02,@ Doosan,RP,,0.0,1.0,1,12,0,0,0,0,1,1,0,,Away,잠실 야구장,18:30,33.3
양지율,2024,Kiwoom,2024-08-01,vs. NC,RP,H,0.0,1.0,1,12,0,0,1,0,0,0,0,,Home,고척 스카이돔,18:30,25.5
양지율,2024,Kiwoom,2024-07-30,vs. NC,RP,,0.0,0.0,1,23,0,0,0,0,1,0,1,,Home,고척 스카이돔,18:30,25.5
양지율,2024,Kiwoom,2024-07-28,vs. Kia,RP,,27.0,3.0,0 ⅔,19,2,2,1,1,1,1,0,,Home,고척 스카이돔,14:00,25.5
양지율,2024,Kiwoom,2024-07-27,vs. Kia,RP,,0.0,1.0,1,22,0,0,1,0,0,0,0,,Home,고척 스카이돔,18:00,25.5
양지율,2024,Kiwoom,2024-07-26,vs. Kia,RP,H,0.0,1.0,1,14,0,0,0,0,0,1,0,,Home,고척 스카이돔,18:30,25.5
양지율,2024,Kiwoom,2024-07-23,@ Doosan,RP,,6.75,1.5,1 ⅓,26,1,1,2,0,0,0,0,,Away,잠실 야구장,18:30,29.6
양지율,2024,Kiwoom,2024-07-21,@ SSG,RP,H,0.0,0.0,1,13,0,0,0,0,1,0,0,,Away,인천 SSG 랜더스필드,17:00,30.7
양지율,2024,Kiwoom,2024-07-18,vs. KT,RP,,0.0,1.0,1,15,0,0,1,0,0,0,0,,Home,고척 스카이돔,18:30,25.5
양지율,2024,Kiwoom,2024-07-16,vs. KT,RP,,0.0,1.0,1,15,0,0,0,0,0,1,0,,Home,고척 스카이돔,18:30,25.5
양지율,2024,Kiwoom,2024-07-13,@ NC,RP,,0.0,2.0,1,13,0,0,1,0,0,1,0,,Away,창원 NC 파크,18:00,27.4
양지율,2024,Kiwoom,2024-07-10,vs. Hanwha,RP,,0.0,0.6,1 ⅔,15,0,0,1,0,0,0,0,,Home,고척 스카이돔,18:30,25.5
양지율,2024,Kiwoom,2024-06-22,vs. Lotte,RP,,0.0,0.0,1,13,0,0,0,0,1,0,0,,Home,고척 스카이돔,17:00,25.5
양지율,2023,Kiwoom,2023-08-10,vs. Lotte,RP,,13.5,6.0,0 ⅔,28,1,1,1,0,2,3,0,,Home,고척 스카이돔,18:30,25.5
양지율,2020,Kiwoom,2020-10-18,vs. Doosan,RP,,0.0,1.0,2,33,0,0,1,0,2,1,0,,Home,고척 스카이돔,14:00,25.5
양지율,2020,Kiwoom,2020-10-13,@ KT,RP,,0.0,0.0,1,12,0,0,0,0,0,0,1,,Away,수원 KT 위즈파크,18:30,15.5
양지율,2020,Kiwoom,2020-10-11,@ Hanwha,RP,,36.0,4.0,1,23,4,4,4,2,0,0,0,,Away,대전 한화생명 볼파크,14:00,20.6
양지율,2020,Kiwoom,2020-10-08,vs. NC,RP,,0.0,3.0,0 ⅔,16,0,0,2,0,0,0,0,,Home,고척 스카이돔,18:30,25.5
양지율,2020,Kiwoom,2020-10-07,vs. NC,RP,,0.0,1.0,1,14,0,0,0,0,0,1,0,,Home,고척 스카이돔,18:30,25.5
양지율,2020,Kiwoom,2020-10-04,@ SK,RP,,0.0,2.0,1,10,0,0,1,0,0,1,0,,Away,인천 SSG 랜더스필드,14:00,20.2
양지율,2020,Kiwoom,2020-10-02,@ SK,RP,,0.0,1.0,1,18,0,0,1,0,2,0,0,,Away,인천 SSG 랜더스필드,18:30,20.4
양지율,2020,Kiwoom,2020-10-01,vs. Kia,RP,,0.0,1.0,1,20,0,0,1,0,0,0,0,,Home,고척 스카이돔,18:30,25.5
양지율,2020,Kiwoom,2020-09-27,@ Doosan,RP,,0.0,2.0,1,11,0,0,1,0,0,1,0,,Away,잠실 야구장,14:00,24.6
양지율,2020,Kiwoom,2020-09-25,vs. SK,RP,L,54.0,6.0,0 ⅔,25,4,4,2,1,1,2,0,,Home,고척 스카이돔,18:30,25.5
양지율,2020,Kiwoom,2020-09-20,@ Samsung,RP,,27.0,9.0,0 ⅓,19,1,1,2,0,0,1,0,,Away,대구 삼성 라이온즈 파크,14:00,24.6
양지율,2020,Kiwoom,2020-09-18,vs. Hanwha,RP,,0.0,0.0,0 ⅓,3,0,0,0,0,0,0,0,,Home,고척 스카이돔,18:30,25.5
양지율,2020,Kiwoom,2020-09-15,vs. Lotte,RP,,0.0,0.0,2,25,0,0,0,0,1,0,0,,Home,고척 스카이돔,18:30,25.5
양지율,2020,Kiwoom,2020-09-13,vs. Doosan,RP,,0.0,0.0,1 ⅔,17,0,0,0,0,1,0,0,,Home,고척 스카이돔,14:00,25.5
양지율,2020,Kiwoom,2020-09-11,@ LG,RP,,0.0,1.0,1,15,0,0,1,0,1,0,0,,Away,잠실 야구장,18:30,23.9
양지율,2020,Kiwoom,2020-09-09,@ SK,RP,,0.0,1.0,1,12,0,0,1,0,0,0,0,,Away,인천 SSG 랜더스필드,18:30,22.0
양지율,2020,Kiwoom,2020-09-04,@ Hanwha,RP,,0.0,3.0,0 ⅔,17,0,0,0,0,0,2,0,,Away,대전 한화생명 볼파크,18:30,27.0
양지율,2020,Kiwoom,2020-09-01,vs. NC,RP,,27.0,9.0,0 ⅓,15,1,1,2,0,1,1,0,,Home,고척 스카이돔,18:30,25.5
양지율,2020,Kiwoom,2020-08-27,@ Lotte,RP,,0.0,0.5,2,19,0,0,1,0,1,0,0,,Away,사직 야구장,18:30,29.6
양지율,2020,Kiwoom,2020-08-26,@ KT,RP,H,0.0,6.0,0 ⅓,15,0,0,2,0,0,0,0,,Away,수원 KT 위즈파크,18:30,32.4
양지율,2020,Kiwoom,2020-08-23,vs. Kia,RP,,0.0,3.0,0 ⅓,8,0,0,1,0,0,0,0,,Home,고척 스카이돔,14:00,25.5
양지율,2020,Kiwoom,2020-08-21,vs. LG,RP,,0.0,0.0,1,10,0,0,0,0,1,0,0,,Home,고척 스카이돔,18:30,25.5
양지율,2020,Kiwoom,2020-08-18,@ NC,RP,,0.0,0.0,1,11,0,0,0,0,1,0,0,,Away,창원 NC 파크,18:30,33.1
양지율,2020,Kiwoom,2020-08-14,@ Lotte,RP,,0.0,1.0,1,15,0,0,1,0,0,0,0,,Away,사직 야구장,18:30,30.4
윤석원,2024,Kiwoom,2024-09-30,@ SSG,SP,L,3.86,1.29,2 ⅓,49,1,1,2,0,0,1,1,47.0,Away,인천 SSG 랜더스필드,18:30,25.0
윤석원,2024,Kiwoom,2024-06-13,@ Lotte,RP,,54.0,7.5,0 ⅔,25,4,4,4,2,0,1,0,,Away,사직 야구장,18:30,27.1
윤석원,2024,Kiwoom,2024-06-12,@ Lotte,RP,,0.0,1.0,1,12,0,0,1,0,0,0,0,,Away,사직 야구장,18:30,25.3
윤석원,2024,Kiwoom,2024-06-06,@ LG,RP,,6.75,1.88,2 ⅔,59,3,2,4,0,0,1,0,,Away,잠실 야구장,18:30,26.7
윤석원,2024,Kiwoom,2024-05-12,@ Hanwha,RP,,27.0,3.0,1,20,3,3,3,0,0,0,1,,Away,대전 한화생명 볼파크,14:00,22.2
윤석원,2024,Kiwoom,2024-05-07,vs. Doosan,RP,,0.0,1.0,1,10,0,0,1,0,0,0,0,,Home,고척 스카이돔,18:30,25.5
윤석원,2024,Kiwoom,2024-04-30,@ Lotte,RP,,40.5,4.5,0 ⅔,18,3,3,3,0,0,0,0,,Away,사직 야구장,18:30,16.7
윤석원,2024,Kiwoom,2024-04-25,vs. Kia,RP,,11.25,1.75,4,47,5,5,6,1,1,1,0,,Home,고척 스카이돔,18:30,25.5
윤석원,2024,Kiwoom,2024-04-19,@ Doosan,RP,,6.75,2.63,2 ⅔,59,3,2,5,0,0,2,0,,Away,잠실 야구장,18:30,21.1
윤석원,2024,Kiwoom,2024-04-18,vs. KT,RP,,0.0,1.0,1,10,0,0,1,0,0,0,0,,Home,고척 스카이돔,18:30,25.5
윤석원,2024,Kiwoom,2024-04-14,vs. Lotte,RP,,54.0,6.0,0 ⅓,12,2,2,1,0,0,1,0,,Home,고척 스카이돔,14:00,25.5
윤석원,2023,Kiwoom,2023-10-13,@ SSG,RP,,0.0,1.0,1,9,0,0,1,0,0,0,0,,Away,인천 SSG 랜더스필드,18:30,19.1
윤석원,2023,Kiwoom,2023-10-11,@ Kia,RP,,0.0,1.0,1,11,0,0,0,0,0,1,0,,Away,광주 기아 챔피언스 필드,18:30,21.1
윤석원,2023,Kiwoom,2023-10-02,@ Doosan,RP,,6.75,1.88,2 ⅔,55,2,2,4,0,3,1,0,,Away,잠실 야구장,18:30,21.3
윤석원,2023,Kiwoom,2023-09-29,vs. Kia,RP,,27.0,9.0,0 ⅓,21,5,1,2,0,0,1,0,,Home,고척 스카이돔,18:30,25.5
윤석원,2023,Kiwoom,2023-09-28,vs. SSG,RP,H,0.0,0.0,1,17,0,0,0,0,1,0,0,,Home,고척 스카이돔,18:30,25.5
윤석원,2023,Kiwoom,2023-09-22,@ Hanwha,RP,W,0.0,0.0,1,12,0,0,0,0,0,0,0,,Away,대전 한화생명 볼파크,18:30,21.8
윤석원,2023,Kiwoom,2023-09-19,@ Lotte,RP,,0.0,1.5,0 ⅔,10,0,0,1,0,0,0,0,,Away,사직 야구장,18:30,27.8
윤석원,2023,Kiwoom,2023-09-09,vs. Hanwha,RP,,0.0,6.0,0 ⅓,9,0,0,2,0,0,0,0,,Home,고척 스카이돔,17:00,25.5
윤석원,2023,Kiwoom,2023-09-08,vs. Hanwha,RP,,0.0,0.0,1,11,0,0,0,0,0,0,0,,Home,고척 스카이돔,18:30,25.5
윤석원,2023,Kiwoom,2023-09-07,@ NC,RP,,4.5,1.0,2,22,1,1,2,0,1,0,0,,Away,창원 NC 파크,18:30,26.6
윤석원,2023,Kiwoom,2023-09-03,vs. KT,RP,,0.0,6.0,0 ⅓,10,0,0,2,0,0,0,0,,Home,고척 스카이돔,14:00,25.5
윤석원,2023,Kiwoom,2023-09-02,vs. KT,RP,H,0.0,0.0,1,12,0,0,0,0,0,0,0,,Home,고척 스카이돔,17:00,25.5
윤석원,2023,Kiwoom,2023-09-01,vs. KT,RP,W,0.0,1.5,1 ⅓,24,0,0,1,0,0,1,0,,Home,고척 스카이돔,18:30,25.5
윤석원,2023,Kiwoom,2023-08-30,@ SSG,RP,,0.0,0.0,1,8,0,0,0,0,0,0,0,,Away,인천 SSG 랜더스필드,18:30,25.1
윤석원,2023,Kiwoom,2023-08-27,@ Samsung,RP,,18.0,4.0,1,30,3,2,3,0,0,1,0,,Away,대구 삼성 라이온즈 파크,17:00,30.3
윤석원,2023,Kiwoom,2023-08-24,vs. Doosan,RP,,0.0,1.0,2,31,0,0,1,0,1,1,0,,Home,고척 스카이돔,18:30,25.5
윤석원,2023,Kiwoom,2023-08-22,vs. Doosan,RP,,4.5,0.5,2,26,1,1,1,1,2,0,0,,Home,고척 스카이돔,18:30,25.5
윤석원,2023,Kiwoom,2023-08-16,@ Kia,RP,,4.5,2.0,2,36,1,1,4,0,0,0,0,,Away,광주 기아 챔피언스 필드,18:30,31.9
윤석원,2023,Kiwoom,2023-08-13,@ LG,RP,,27.0,4.0,1,26,3,3,2,0,0,2,0,,Away,잠실 야구장,17:00,31.2
윤석원,2023,Kiwoom,2023-07-25,vs. Hanwha,RP,,27.0,9.0,0 ⅓,22,1,1,3,1,0,0,0,,Home,고척 스카이돔,18:30,25.5
윤석원,2023,Kiwoom,2023-07-13,vs. KT,RP,,0.0,0.0,1,16,0,0,0,0,0,0,0,,Home,고척 스카이돔,18:30,25.5
조영건,2024,Kiwoom,2024-09-28,@ KT,SP,,12.0,1.33,3,39,4,4,3,0,1,1,0,37.0,Away,수원 KT 위즈파크,17:00,26.4
조영건,2024,Kiwoom,2024-09-16,@ Doosan,RP,,10.8,2.4,1 ⅔,38,2,2,2,0,0,2,0,,Away,잠실 야구장,18:30,31.5
조영건,2024,Kiwoom,2024-09-05,@ NC,RP,W,0.0,1.0,1,17,0,0,1,0,2,0,0,,Away,창원 NC 파크,18:30,30.9
조영건,2024,Kiwoom,2024-09-03,@ NC,RP,,6.75,2.25,1 ⅓,37,1,1,2,0,1,1,0,,Away,창원 NC 파크,18:30,28.0
조영건,2024,Kiwoom,2024-08-29,vs. Samsung,RP,,0.0,1.0,1,17,0,0,1,0,1,0,0,,Home,고척 스카이돔,18:30,25.5
조영건,2024,Kiwoom,2024-08-28,vs. Samsung,RP,,9.0,3.0,1,23,1,1,1,0,0,2,0,,Home,고척 스카이돔,18:30,25.5
조영건,2024,Kiwoom,2024-08-24,vs. LG,RP,,0.0,1.13,2 ⅔,34,0,0,2,0,2,1,0,,Home,고척 스카이돔,18:00,25.5
조영건,2024,Kiwoom,2024-07-31,vs. NC,RP,,108.0,12.0,0 ⅓,24,5,4,4,1,0,0,0,,Home,고척 스카이돔,18:30,25.5
조영건,2024,Kiwoom,2024-07-28,vs. Kia,RP,,0.0,0.0,0 ⅓,1,0,0,0,0,0,0,0,,Home,고척 스카이돔,14:00,25.5
조영건,2024,Kiwoom,2024-07-24,@ Doosan,RP,,36.0,4.0,1,33,4,4,2,0,1,2,0,,Away,잠실 야구장,18:30,31.7
조영건,2024,Kiwoom,2024-07-18,vs. KT,RP,,81.0,9.0,0 ⅓,21,3,3,1,0,0,2,0,,Home,고척 스카이돔,18:30,25.5
조영건,2024,Kiwoom,2024-07-16,vs. KT,RP,,9.0,1.0,1,16,1,1,1,1,2,0,0,,Home,고척 스카이돔,18:30,25.5
조영건,2024,Kiwoom,2024-07-13,@ NC,RP,,20.25,3.75,1 ⅓,31,3,3,4,1,1,1,0,,Away,창원 NC 파크,18:00,27.4
조영건,2024,Kiwoom,2024-07-11,vs. Hanwha,RP,W,0.0,1.0,1,15,0,0,1,0,1,0,0,,Home,고척 스카이돔,18:30,25.5
조영건,2024,Kiwoom,2024-07-10,vs. Hanwha,RP,,0.0,3.0,0 ⅓,8,0,0,0,0,0,1,0,,Home,고척 스카이돔,18:30,25.5
조영건,2024,Kiwoom,2024-07-04,vs. LG,RP,,0.0,1.0,1,19,0,0,0,0,2,1,0,,Home,고척 스카이돔,18:30,25.5
조영건,2024,Kiwoom,2024-06-25,vs. NC,RP,H,0.0,2.0,1,18,0,0,0,0,1,2,0,,Home,고척 스카이돔,18:30,25.5
조영건,2024,Kiwoom,2024-06-23,vs. Lotte,RP,,0.0,2.0,1,14,0,0,1,0,1,1,0,,Home,고척 스카이돔,14:00,25.5
조영건,2024,Kiwoom,2024-06-22,vs. Lotte,RP,,0.0,0.5,2,38,0,0,1,0,1,0,0,,Home,고척 스카이돔,17:00,25.5
조영건,2024,Kiwoom,2024-06-19,@ Hanwha,RP,,0.0,2.0,1,17,0,0,1,0,2,1,0,,Away,대전 한화생명 볼파크,18:30,31.1
조영건,2024,Kiwoom,2024-06-18,@ Hanwha,RP,,9.0,3.0,1,18,1,1,1,0,0,2,0,,Away,대전 한화생명 볼파크,18:30,30.1
조영건,2024,Kiwoom,2024-06-07,vs. Samsung,SP,,9.0,2.0,5,93,5,5,10,1,2,0,1,28.0,Home,고척 스카이돔,18:30,25.5
조영건,2024,Kiwoom,2024-06-01,vs. SSG,SP,L,7.71,1.93,4 ⅔,78,7,4,7,3,5,2,0,31.0,Home,고척 스카이돔,17:00,25.5
조영건,2024,Kiwoom,2024-05-21,vs. NC,RP,,0.0,0.86,2 ⅓,41,0,0,1,0,2,1,0,,Home,고척 스카이돔,18:30,25.5
조영건,2024,Kiwoom,2024-05-18,vs. SSG,RP,,6.0,1.67,3,44,2,2,4,0,3,1,0,,Home,고척 스카이돔,17:00,25.5
조영건,2023,Kiwoom,2023-10-13,@ SSG,RP,,0.0,1.0,1,10,0,0,0,0,0,1,0,,Away,인천 SSG 랜더스필드,18:30,19.1
조영건,2023,Kiwoom,2023-10-10,vs. Samsung,RP,H,0.0,0.0,1,9,0,0,0,0,1,0,0,,Home,고척 스카이돔,18:30,25.5
조영건,2023,Kiwoom,2023-10-07,vs. LG,RP,,0.0,1.0,1,16,0,0,1,0,2,0,0,,Home,고척 스카이돔,17:00,25.5
조영건,2023,Kiwoom,2023-10-03,@ Doosan,RP,,0.0,0.86,2 ⅓,31,0,0,2,0,1,0,0,,Away,잠실 야구장,18:30,20.6
조영건,2023,Kiwoom,2023-10-01,@ KT,RP,,0.0,1.5,1 ⅓,27,0,0,1,0,2,1,0,,Away,수원 KT 위즈파크,14:00,22.3
조영건,2023,Kiwoom,2023-09-29,vs. Kia,RP,,0.0,1.0,1,8,0,0,1,0,1,0,0,,Home,고척 스카이돔,18:30,25.5
조영건,2021,Kiwoom,2021-07-04,@ KT,RP,,0.0,3.0,1,25,0,0,1,0,3,2,0,,Away,수원 KT 위즈파크,17:00,24.3
조영건,2020,Kiwoom,2020-10-11,@ Hanwha,SP,L,8.1,2.1,3 ⅓,70,3,3,6,1,3,1,0,38.0,Away,대전 한화생명 볼파크,14:00,20.6
조영건,2020,Kiwoom,2020-09-27,@ Doosan,RP,,27.0,9.0,0 ⅓,11,1,1,1,0,0,2,0,,Away,잠실 야구장,14:00,24.6
조영건,2020,Kiwoom,2020-09-23,@ Kia,RP,,0.0,0.0,1,14,0,0,0,0,0,0,0,,Away,광주 기아 챔피언스 필드,18:30,21.9
조영건,2020,Kiwoom,2020-09-20,@ Samsung,SP,L,0.0,4.0,1,31,3,0,2,1,2,2,0,43.0,Away,대구 삼성 라이온즈 파크,14:00,24.6
조영건,2020,Kiwoom,2020-09-15,vs. Lotte,RP,,0.0,1.29,2 ⅓,39,0,0,0,0,0,3,0,,Home,고척 스카이돔,18:30,25.5
조영건,2020,Kiwoom,2020-09-09,@ SK,SP,W,5.06,1.13,5 ⅓,79,3,3,5,2,3,1,0,48.0,Away,인천 SSG 랜더스필드,18:30,22.0
조영건,2020,Kiwoom,2020-09-02,vs. NC,SP,W,0.0,0.6,5,77,0,0,2,0,3,1,2,63.0,Home,고척 스카이돔,18:30,25.5
조영건,2020,Kiwoom,2020-08-21,vs. LG,RP,,18.0,3.0,1,24,2,2,2,0,1,1,0,,Home,고척 스카이돔,18:30,25.5
조영건,2020,Kiwoom,2020-08-18,@ NC,RP,,0.0,2.0,1,19,0,0,1,0,0,1,0,,Away,창원 NC 파크,18:30,33.1
조영건,2020,Kiwoom,2020-08-14,@ Lotte,RP,,0.0,1.0,2,15,0,0,2,0,1,0,0,,Away,사직 야구장,18:30,30.4
조영건,2020,Kiwoom,2020-08-05,vs. KT,RP,,0.0,0.0,1,13,0,0,0,0,0,0,1,,Home,고척 스카이돔,18:30,25.5
조영건,2020,Kiwoom,2020-08-01,@ Samsung,RP,,0.0,1.0,1,18,0,0,0,0,1,1,0,,Away,대구 삼성 라이온즈 파크,18:00,29.0
조영건,2020,Kiwoom,2020-07-21,@ Doosan,RP,,0.0,0.0,1,16,0,0,0,0,1,0,0,,Away,잠실 야구장,18:30,28.9
조영건,2020,Kiwoom,2020-07-02,vs. Doosan,SP,,40.5,6.0,0 ⅔,24,3,3,3,0,0,1,1,32.0,Home,고척 스카이돔,18:30,25.5
조영건,2020,Kiwoom,2020-06-26,vs. Kia,SP,L,18.0,2.33,3,68,6,6,3,2,1,4,0,26.0,Home,고척 스카이돔,18:30,25.5
조영건,2020,Kiwoom,2020-06-20,vs. SK,SP,,2.45,2.45,3 ⅔,63,2,1,7,0,1,2,0,40.0,Home,고척 스카이돔,17:00,25.5
조영건,2020,Kiwoom,2020-06-14,@ NC,SP,,10.13,1.88,2 ⅔,61,3,3,3,1,2,2,0,40.0,Away,창원 NC 파크,17:00,29.2
조영건,2020,Kiwoom,2020-06-09,@ Samsung,SP,,6.0,2.67,3,68,2,2,6,0,2,2,0,39.0,Away,대구 삼성 라이온즈 파크,18:30,26.4
조영건,2020,Kiwoom,2020-06-03,@ Hanwha,SP,W,3.6,1.2,5,76,2,2,4,1,2,2,0,51.0,Away,대전 한화생명 볼파크,18:30,27.5
조영건,2020,Kiwoom,2020-05-30,vs. KT,RP,,0.0,1.0,1,14,0,0,0,0,0,1,0,,Home,고척 스카이돔,17:00,25.5
하영민,2024,Kiwoom,2024-09-25,@ Samsung,SP,L,7.2,2.0,5,93,4,4,7,1,4,3,0,38.0,Away,대구 삼성 라이온즈 파크,18:30,26.2
하영민,2024,Kiwoom,2024-09-17,vs. KT,SP,L,7.2,1.8,5,92,4,4,9,0,1,0,1,33.0,Home,고척 스카이돔,18:30,25.5
하영민,2024,Kiwoom,2024-09-11,@ LG,SP,,8.44,1.31,5 ⅓,93,5,5,6,0,9,1,1,43.0,Away,잠실 야구장,18:30,30.6
하영민,2024,Kiwoom,2024-09-05,@ NC,SP,,3.6,1.8,5,93,5,2,7,0,1,2,0,38.0,Away,창원 NC 파크,18:30,30.9
하영민,2024,Kiwoom,2024-08-29,vs. Samsung,SP,,0.0,1.17,6,96,0,0,4,0,3,3,0,64.0,Home,고척 스카이돔,18:30,25.5
하영민,2024,Kiwoom,2024-08-23,vs. LG,SP,,4.76,1.41,5 ⅔,90,3,3,6,0,3,2,0,46.0,Home,고척 스카이돔,18:30,25.5
하영민,2024,Kiwoom,2024-08-17,@ Lotte,SP,W,4.5,1.83,6,93,4,3,10,1,2,1,0,39.0,Away,사직 야구장,18:00,31.5
하영민,2024,Kiwoom,2024-08-11,@ Hanwha,SP,W,3.0,1.33,6,95,2,2,5,0,2,3,0,53.0,Away,대전 한화생명 볼파크,17:00,33.5
하영민,2024,Kiwoom,2024-08-06,vs. SSG,SP,,1.5,1.17,6,92,1,1,7,1,7,0,0,61.0,Home,고척 스카이돔,18:30,25.5
하영민,2024,Kiwoom,2024-07-30,vs. NC,SP,W,1.5,1.33,6,100,1,1,5,0,4,3,0,59.0,Home,고척 스카이돔,18:30,25.5
하영민,2024,Kiwoom,2024-07-24,@ Doosan,SP,L,4.76,1.94,5 ⅔,104,3,3,6,1,4,5,0,44.0,Away,잠실 야구장,18:30,31.7
하영민,2024,Kiwoom,2024-07-18,vs. KT,SP,,0.0,0.83,6,91,0,0,3,0,4,2,0,68.0,Home,고척 스카이돔,18:30,25.5
하영민,2024,Kiwoom,2024-07-11,vs. Hanwha,SP,,6.0,1.33,6,97,4,4,6,0,5,2,0,47.0,Home,고척 스카이돔,18:30,25.5
하영민,2024,Kiwoom,2024-07-04,vs. LG,SP,L,3.86,1.14,7,93,3,3,6,0,6,2,0,57.0,Home,고척 스카이돔,18:30,25.5
하영민,2024,Kiwoom,2024-06-28,@ Kia,SP,W,7.2,2.2,5,96,4,4,8,0,3,3,0,35.0,Away,광주 기아 챔피언스 필드,18:30,30.0
하영민,2024,Kiwoom,2024-06-22,vs. Lotte,SP,L,5.4,2.2,5,97,5,3,6,0,3,5,0,37.0,Home,고척 스카이돔,17:00,25.5
하영민,2024,Kiwoom,2024-06-16,vs. Doosan,SP,W,2.45,0.55,7 ⅓,85,2,2,3,0,2,1,0,65.0,Home,고척 스카이돔,14:00,25.5
하영민,2024,Kiwoom,2024-06-11,@ Lotte,SP,W,1.8,1.0,5,82,1,1,2,0,5,3,0,61.0,Away,사직 야구장,18:30,24.2
하영민,2024,Kiwoom,2024-06-05,@ LG,SP,,1.8,1.4,5,82,1,1,4,0,4,3,0,56.0,Away,잠실 야구장,18:30,26.2
하영민,2024,Kiwoom,2024-05-21,vs. NC,SP,L,4.91,1.64,3 ⅔,78,4,2,5,1,1,1,0,39.0,Home,고척 스카이돔,18:30,25.5
하영민,2024,Kiwoom,2024-05-10,@ Hanwha,SP,,5.4,2.4,5,103,3,3,10,0,3,2,0,36.0,Away,대전 한화생명 볼파크,18:30,23.4
하영민,2024,Kiwoom,2024-05-04,@ KT,SP,L,9.0,2.6,5,88,5,5,11,1,5,2,0,28.0,Away,수원 KT 위즈파크,17:00,24.3
하영민,2024,Kiwoom,2024-04-28,vs. Samsung,SP,L,13.5,3.0,3 ⅓,81,6,5,7,0,4,3,0,25.0,Home,고척 스카이돔,14:00,25.5
하영민,2024,Kiwoom,2024-04-23,vs. Kia,SP,,3.0,0.67,6,83,2,2,4,1,4,0,0,60.0,Home,고척 스카이돔,18:30,25.5
하영민,2024,Kiwoom,2024-04-17,vs. KT,SP,,8.31,2.54,4 ⅓,98,4,4,8,0,3,3,0,31.0,Home,고척 스카이돔,18:30,25.5
하영민,2024,Kiwoom,2024-04-11,@ SSG,SP,W,3.6,1.0,5,105,2,2,5,1,4,0,2,51.0,Away,인천 SSG 랜더스필드,18:30,17.0
하영민,2024,Kiwoom,2024-04-05,vs. Hanwha,SP,W,7.2,1.6,5,69,4,4,6,0,2,2,1,38.0,Home,고척 스카이돔,18:30,25.5
하영민,2024,Kiwoom,2024-03-30,vs. LG,SP,W,0.0,0.6,5,70,0,0,2,0,3,1,0,65.0,Home,고척 스카이돔,17:00,25.5
하영민,2023,Kiwoom,2023-10-11,@ Kia,RP,,0.0,2.0,1,17,2,0,2,0,0,0,0,,Away,광주 기아 챔피언스 필드,18:30,21.1
하영민,2023,Kiwoom,2023-10-10,vs. Samsung,RP,,0.0,,0,20,3,2,1,0,0,2,0,,Home,고척 스카이돔,18:30,25.5
하영민,2023,Kiwoom,2023-10-03,@ Doosan,RP,,0.0,4.5,0 ⅔,14,0,0,1,0,0,2,0,,Away,잠실 야구장,18:30,20.6
하영민,2023,Kiwoom,2023-10-01,@ KT,RP,,0.0,1.0,1,15,0,0,0,0,0,1,0,,Away,수원 KT 위즈파크,14:00,22.3
하영민,2023,Kiwoom,2023-09-22,@ Hanwha,RP,H,9.0,3.0,1,32,2,1,2,0,2,1,0,,Away,대전 한화생명 볼파크,18:30,21.8
하영민,2023,Kiwoom,2023-09-21,vs. NC,RP,W,0.0,0.0,0 ⅔,6,0,0,0,0,0,0,0,,Home,고척 스카이돔,18:30,25.5
하영민,2023,Kiwoom,2023-09-19,@ Lotte,RP,,0.0,0.75,1 ⅓,15,0,0,1,0,1,0,0,,Away,사직 야구장,18:30,27.8
하영민,2023,Kiwoom,2023-09-15,@ Lotte,RP,,0.0,1.0,1,15,0,0,1,0,2,0,0,,Away,사직 야구장,18:30,27.5
하영민,2023,Kiwoom,2023-09-09,vs. Hanwha,RP,,0.0,1.2,1 ⅔,27,0,0,1,0,3,1,0,,Home,고척 스카이돔,17:00,25.5
하영민,2023,Kiwoom,2023-09-08,vs. Hanwha,RP,,0.0,1.0,1,14,0,0,1,0,2,0,0,,Home,고척 스카이돔,18:30,25.5
하영민,2023,Kiwoom,2023-09-03,vs. KT,RP,,0.0,0.0,1,12,0,0,0,0,1,0,0,,Home,고척 스카이돔,14:00,25.5
하영민,2023,Kiwoom,2023-09-02,vs. KT,RP,H,0.0,0.0,1,14,0,0,0,0,1,0,0,,Home,고척 스카이돔,17:00,25.5
하영민,2023,Kiwoom,2023-08-31,@ SSG,RP,,0.0,1.0,1,22,0,0,1,0,1,0,0,,Away,인천 SSG 랜더스필드,18:30,26.6
하영민,2023,Kiwoom,2023-08-30,@ SSG,RP,,0.0,1.0,1,12,0,0,0,0,0,1,0,,Away,인천 SSG 랜더스필드,18:30,25.1
하영민,2023,Kiwoom,2023-08-24,vs. Doosan,RP,,9.0,3.0,1,22,1,1,2,0,1,1,0,,Home,고척 스카이돔,18:30,25.5
하영민,2023,Kiwoom,2023-08-23,vs. Doosan,RP,,0.0,1.0,1,14,0,0,1,0,0,0,0,,Home,고척 스카이돔,18:30,25.5
하영민,2023,Kiwoom,2023-08-20,vs. Lotte,RP,,3.86,0.86,2 ⅓,35,1,1,2,0,3,0,0,,Home,고척 스카이돔,14:00,25.5
하영민,2023,Kiwoom,2023-08-17,@ Kia,RP,,0.0,0.0,0 ⅓,7,0,0,0,0,0,0,0,,Away,광주 기아 챔피언스 필드,18:30,31.2
하영민,2023,Kiwoom,2023-08-16,@ Kia,RP,,9.0,3.0,1,23,1,1,2,0,3,1,0,,Away,광주 기아 챔피언스 필드,18:30,31.9
하영민,2023,Kiwoom,2023-07-30,vs. Samsung,RP,,7.71,3.0,2 ⅓,55,3,2,6,0,0,1,0,,Home,고척 스카이돔,14:00,25.5
하영민,2023,Kiwoom,2023-07-28,vs. Samsung,RP,,54.0,9.0,0 ⅓,6,2,2,3,0,0,0,0,,Home,고척 스카이돔,18:30,25.5
하영민,2023,Kiwoom,2023-07-25,vs. Hanwha,RP,H,0.0,0.0,1,9,0,0,0,0,1,0,0,,Home,고척 스카이돔,18:30,25.5
하영민,2023,Kiwoom,2023-07-23,@ Lotte,RP,,0.0,0.0,1,12,0,0,0,0,2,0,0,,Away,사직 야구장,17:00,28.9
하영민,2023,Kiwoom,2023-07-12,vs. KT,RP,,0.0,0.0,1,18,0,0,0,0,1,0,0,,Home,고척 스카이돔,18:30,25.5
하영민,2023,Kiwoom,2023-07-09,@ Doosan,RP,,81.0,9.0,0 ⅓,21,3,3,3,1,0,0,0,,Away,잠실 야구장,17:00,27.2
하영민,2023,Kiwoom,2023-07-07,@ Doosan,RP,,54.0,9.0,0 ⅓,16,2,2,3,0,1,0,0,,Away,잠실 야구장,18:30,28.2
하영민,2023,Kiwoom,2023-07-02,vs. SSG,RP,,27.0,7.5,0 ⅔,18,2,2,4,0,1,1,0,,Home,고척 스카이돔,14:00,25.5
하영민,2023,Kiwoom,2023-06-28,@ Kia,RP,,0.0,0.0,1,16,0,0,0,0,2,0,0,,Away,광주 기아 챔피언스 필드,18:30,27.9
하영민,2023,Kiwoom,2023-06-25,vs. Doosan,RP,,9.0,1.0,1,9,1,1,1,0,1,0,1,,Home,고척 스카이돔,14:00,25.5
하영민,2023,Kiwoom,2023-06-23,vs. Doosan,RP,L,0.0,2.0,1,16,1,0,2,0,0,0,0,,Home,고척 스카이돔,18:30,25.5
하영민,2023,Kiwoom,2023-06-20,@ Samsung,RP,,0.0,1.0,1,12,0,0,1,0,1,0,0,,Away,대구 삼성 라이온즈 파크,18:30,23.7
하영민,2023,Kiwoom,2023-06-18,@ Hanwha,RP,W,0.0,1.0,1,18,0,0,0,0,2,1,0,,Away,대전 한화생명 볼파크,17:00,30.6
하영민,2023,Kiwoom,2023-06-17,@ Hanwha,RP,H,9.0,1.0,1,10,1,1,1,1,1,0,0,,Away,대전 한화생명 볼파크,17:00,28.8
하영민,2023,Kiwoom,2023-06-16,@ Hanwha,RP,,0.0,1.0,1,15,0,0,1,0,1,0,0,,Away,대전 한화생명 볼파크,18:30,28.9
하영민,2023,Kiwoom,2023-06-07,vs. LG,RP,,0.0,3.0,1,27,2,0,1,0,0,2,0,,Home,고척 스카이돔,18:30,25.5
하영민,2023,Kiwoom,2023-06-04,@ SSG,RP,,0.0,3.0,1,30,1,0,2,0,1,1,0,,Away,인천 SSG 랜더스필드,17:00,21.7
하영민,2023,Kiwoom,2023-05-31,@ Hanwha,RP,,0.0,0.0,1,16,0,0,0,0,1,0,0,,Away,대전 한화생명 볼파크,18:30,26.9
하영민,2023,Kiwoom,2023-05-28,vs. Lotte,RP,,0.0,0.0,0 ⅓,6,0,0,0,0,0,0,0,,Home,고척 스카이돔,14:00,25.5
하영민,2023,Kiwoom,2023-05-25,@ KT,RP,,0.0,0.0,1,11,0,0,0,0,0,0,0,,Away,수원 KT 위즈파크,18:30,21.9
하영민,2023,Kiwoom,2023-05-24,@ KT,RP,,0.0,3.0,0 ⅓,5,0,0,1,0,0,0,0,,Away,수원 KT 위즈파크,18:30,22.5
하영민,2023,Kiwoom,2023-05-19,@ Kia,RP,,0.0,1.0,1,15,0,0,1,0,2,0,0,,Away,광주 기아 챔피언스 필드,18:30,24.2
하영민,2023,Kiwoom,2023-05-17,vs. Doosan,RP,,20.25,3.75,1 ⅓,31,3,3,4,1,1,1,0,,Home,고척 스카이돔,18:30,25.5
하영민,2023,Kiwoom,2023-05-14,vs. NC,RP,,0.0,0.0,0 ⅓,5,0,0,0,0,0,0,0,,Home,고척 스카이돔,14:00,25.5
하영민,2023,Kiwoom,2023-05-13,vs. NC,RP,,0.0,0.0,1,6,0,0,0,0,0,0,0,,Home,고척 스카이돔,17:00,25.5
하영민,2023,Kiwoom,2023-05-09,@ LG,RP,,0.0,3.0,0 ⅔,10,0,0,1,0,0,1,0,,Away,잠실 야구장,18:30,21.9
하영민,2023,Kiwoom,2023-05-07,vs. SSG,RP,,13.5,4.5,0 ⅔,19,1,1,2,0,1,1,0,,Home,고척 스카이돔,14:00,25.5
하영민,2023,Kiwoom,2023-05-05,vs. SSG,RP,,0.0,0.0,0 ⅔,2,0,0,0,0,0,0,0,,Home,고척 스카이돔,14:00,25.5
하영민,2023,Kiwoom,2023-05-02,@ Samsung,RP,W,0.0,1.0,1,20,0,0,0,0,3,1,0,,Away,대구 삼성 라이온즈 파크,18:30,17.6
하영민,2023,Kiwoom,2023-04-30,@ Lotte,RP,,0.0,3.0,0 ⅓,5,0,0,1,0,0,0,0,,Away,사직 야구장,14:00,17.9
하영민,2023,Kiwoom,2023-04-28,@ Lotte,RP,,9.0,3.0,1,23,1,1,2,0,0,1,0,,Away,사직 야구장,18:30,18.1
하영민,2023,Kiwoom,2023-04-27,vs. KT,RP,H,0.0,2.0,1,20,0,0,1,0,3,1,0,,Home,고척 스카이돔,18:30,25.5
하영민,2023,Kiwoom,2023-04-23,@ SSG,RP,,18.0,4.0,1,25,2,2,2,1,1,2,0,,Away,인천 SSG 랜더스필드,14:00,20.5
하영민,2023,Kiwoom,2023-04-21,@ SSG,RP,,0.0,1.5,0 ⅔,7,0,0,1,0,0,0,0,,Away,인천 SSG 랜더스필드,18:30,18.0
하영민,2023,Kiwoom,2023-04-19,vs. Samsung,RP,,0.0,2.0,1,20,0,0,2,0,2,0,0,,Home,고척 스카이돔,18:30,25.5
하영민,2023,Kiwoom,2023-04-15,vs. Kia,RP,,0.0,1.0,1,19,0,0,0,0,2,1,0,,Home,고척 스카이돔,17:00,25.5
하영민,2023,Kiwoom,2023-04-06,vs. LG,RP,,9.0,2.0,1,17,1,1,2,0,0,0,0,,Home,고척 스카이돔,18:30,25.5
하영민,2023,Kiwoom,2023-04-04,vs. LG,RP,,0.0,1.0,1,7,0,0,1,0,0,0,0,,Home,고척 스카이돔,18:30,25.5
하영민,2022,Kiwoom,2022-08-28,@ LG,RP,,0.0,3.0,0 ⅓,7,0,0,1,0,0,0,0,,Away,잠실 야구장,17:00,26.7
하영민,2022,Kiwoom,2022-08-24,vs. Kia,RP,,6.75,0.75,1 ⅓,16,2,1,0,0,0,1,0,,Home,고척 스카이돔,18:30,25.5
하영민,2022,Kiwoom,2022-08-23,vs. Kia,RP,,9.0,2.0,1,15,1,1,1,0,0,1,0,,Home,고척 스카이돔,18:30,25.5
하영민,2022,Kiwoom,2022-08-20,vs. SSG,RP,,27.0,4.5,0 ⅔,14,2,2,3,0,0,0,0,,Home,고척 스카이돔,18:00,25.5
하영민,2022,Kiwoom,2022-08-17,@ KT,RP,L,27.0,6.0,0 ⅓,12,1,1,1,0,1,1,0,,Away,수원 KT 위즈파크,18:30,28.1
하영민,2022,Kiwoom,2022-08-11,vs. Lotte,RP,L,0.0,3.0,1,26,2,0,2,0,0,1,0,,Home,고척 스카이돔,18:30,25.5
하영민,2022,Kiwoom,2022-08-07,@ LG,RP,,0.0,0.0,0 ⅔,10,0,0,0,0,1,0,0,,Away,잠실 야구장,17:00,32.4
하영민,2022,Kiwoom,2022-08-05,@ LG,RP,W,9.0,1.5,2,38,2,2,2,0,2,1,0,,Away,잠실 야구장,18:30,32.4
하영민,2022,Kiwoom,2022-07-30,@ NC,RP,,0.0,1.0,1,18,0,0,0,0,1,1,0,,Away,창원 NC 파크,18:00,30.2
하영민,2022,Kiwoom,2022-07-28,@ KT,RP,,0.0,0.0,1 ⅓,12,0,0,0,0,1,0,0,,Away,수원 KT 위즈파크,18:30,32.7
하영민,2022,Kiwoom,2022-07-24,vs. Samsung,RP,,0.0,2.0,1,14,0,0,1,0,1,1,0,,Home,고척 스카이돔,14:00,25.5
하영민,2022,Kiwoom,2022-07-12,@ SSG,RP,,0.0,1.5,0 ⅔,13,0,0,0,0,0,1,0,,Away,인천 SSG 랜더스필드,18:30,29.3
하영민,2022,Kiwoom,2022-07-01,vs. Hanwha,RP,W,9.0,3.0,1,21,1,1,1,1,0,2,0,,Home,고척 스카이돔,18:30,25.5
하영민,2022,Kiwoom,2022-06-17,vs. LG,RP,L,40.5,6.0,0 ⅔,25,3,3,4,1,0,0,0,,Home,고척 스카이돔,18:30,25.5
하영민,2022,Kiwoom,2022-06-15,vs. Doosan,RP,,0.0,0.0,1,16,0,0,0,0,0,0,0,,Home,고척 스카이돔,18:30,25.5
하영민,2022,Kiwoom,2022-06-12,@ Kia,RP,,0.0,2.0,1,27,1,0,0,0,1,2,0,,Away,광주 기아 챔피언스 필드,17:00,26.2
하영민,2022,Kiwoom,2022-06-11,@ Kia,RP,,0.0,1.0,1,14,0,0,1,0,1,0,0,,Away,광주 기아 챔피언스 필드,17:00,28.7
하영민,2022,Kiwoom,2022-06-08,vs. KT,RP,,0.0,0.5,2,18,0,0,1,0,2,0,0,,Home,고척 스카이돔,18:30,25.5
하영민,2022,Kiwoom,2022-06-07,vs. KT,RP,H,0.0,0.0,0 ⅓,3,0,0,0,0,0,0,0,,Home,고척 스카이돔,18:30,25.5
하영민,2022,Kiwoom,2022-06-04,@ Hanwha,RP,W,0.0,0.0,1,11,0,0,0,0,2,0,0,,Away,대전 한화생명 볼파크,17:00,28.5
하영민,2022,Kiwoom,2022-06-01,vs. Samsung,RP,,0.0,0.0,1,13,0,0,0,0,0,0,0,,Home,고척 스카이돔,18:30,25.5
하영민,2022,Kiwoom,2022-05-28,@ Lotte,RP,W,0.0,3.0,1,18,0,0,1,0,1,2,0,,Away,사직 야구장,17:00,23.7
하영민,2022,Kiwoom,2022-05-26,@ LG,RP,H,0.0,0.0,0 ⅔,8,0,0,0,0,0,0,0,,Away,잠실 야구장,18:30,21.2
하영민,2022,Kiwoom,2022-05-25,@ LG,RP,,0.0,0.0,1,12,0,0,0,0,0,0,0,,Away,잠실 야구장,18:30,22.5
하영민,2022,Kiwoom,2022-05-22,vs. Hanwha,RP,,0.0,1.5,0 ⅔,11,1,0,1,0,1,0,0,,Home,고척 스카이돔,14:00,25.5
하영민,2022,Kiwoom,2022-05-21,vs. Hanwha,RP,,0.0,0.0,1,17,0,0,0,0,1,0,0,,Home,고척 스카이돔,17:00,25.5
하영민,2022,Kiwoom,2022-05-10,vs. Doosan,RP,,13.5,9.0,0 ⅔,49,5,1,3,0,1,3,0,,Home,고척 스카이돔,18:30,25.5
하영민,2022,Kiwoom,2022-05-08,vs. SSG,RP,,0.0,0.0,0 ⅔,8,0,0,0,0,1,0,0,,Home,고척 스카이돔,14:00,25.5
하영민,2022,Kiwoom,2022-05-06,vs. SSG,RP,,9.0,1.0,1,14,1,1,1,0,0,0,0,,Home,고척 스카이돔,18:30,25.5
하영민,2022,Kiwoom,2022-05-03,@ Kia,RP,,0.0,2.0,1,13,0,0,0,0,0,2,0,,Away,광주 기아 챔피언스 필드,18:30,20.2
하영민,2022,Kiwoom,2022-05-01,vs. KT,RP,,9.0,2.0,1,17,1,1,1,0,0,1,0,,Home,고척 스카이돔,14:00,25.5
하영민,2022,Kiwoom,2022-04-30,vs. KT,RP,,27.0,6.0,0 ⅓,7,1,1,2,1,0,0,0,,Home,고척 스카이돔,17:00,25.5
하영민,2022,Kiwoom,2022-04-27,@ Hanwha,RP,,0.0,0.0,1,13,0,0,0,0,1,0,0,,Away,대전 한화생명 볼파크,18:30,23.1
하영민,2022,Kiwoom,2022-04-22,vs. Kia,RP,,0.0,1.0,1,13,0,0,1,0,1,0,0,,Home,고척 스카이돔,18:30,25.5
하영민,2022,Kiwoom,2022-04-21,@ SSG,RP,,0.0,2.0,1,24,0,0,1,0,1,1,0,,Away,인천 SSG 랜더스필드,18:30,15.1
하영민,2022,Kiwoom,2022-04-17,@ Doosan,RP,,0.0,1.0,1,8,0,0,1,0,0,0,0,,Away,잠실 야구장,14:00,21.3
하영민,2022,Kiwoom,2022-04-13,vs. NC,RP,W,0.0,0.5,2,26,0,0,1,0,1,0,0,,Home,고척 스카이돔,18:30,25.5
하영민,2022,Kiwoom,2022-04-12,vs. NC,RP,,0.0,1.0,1,14,0,0,1,0,0,0,0,,Home,고척 스카이돔,18:30,25.5
하영민,2022,Kiwoom,2022-04-06,vs. LG,RP,,0.0,0.0,1,9,0,0,0,0,0,0,0,,Home,고척 스카이돔,18:30,25.5
하영민,2022,Kiwoom,2022-04-05,vs. LG,RP,,0.0,3.0,1,27,3,0,3,1,0,0,0,,Home,고척 스카이돔,18:30,25.5
하영민,2022,Kiwoom,2022-04-03,vs. Lotte,RP,,0.0,0.0,1,16,0,0,0,0,1,0,0,,Home,고척 스카이돔,14:00,25.5
주승우,2024,Kiwoom,2024-09-27,@ KT,RP,,9.0,2.0,1,19,1,1,1,1,0,1,0,,Away,수원 KT 위즈파크,18:30,26.0
주승우,2024,Kiwoom,2024-09-24,vs. Hanwha,RP,SV,0.0,1.0,1,12,0,0,0,0,0,1,0,,Home,고척 스카이돔,18:30,25.5
주승우,2024,Kiwoom,2024-09-15,@ Kia,RP,,0.0,0.0,1,11,0,0,0,0,0,0,0,,Away,광주 기아 챔피언스 필드,14:00,33.5
주승우,2024,Kiwoom,2024-09-14,@ Kia,RP,L,0.0,,0,10,2,2,3,0,0,0,1,,Away,광주 기아 챔피언스 필드,17:00,33.4
주승우,2024,Kiwoom,2024-09-11,@ LG,RP,,0.0,0.0,1,12,0,0,0,0,1,0,0,,Away,잠실 야구장,18:30,30.6
주승우,2024,Kiwoom,2024-09-05,@ NC,RP,,0.0,0.0,1,15,0,0,0,0,2,0,0,,Away,창원 NC 파크,18:30,30.9
주승우,2024,Kiwoom,2024-08-29,vs. Samsung,RP,,0.0,0.0,1,8,0,0,0,0,1,0,0,,Home,고척 스카이돔,18:30,25.5
주승우,2024,Kiwoom,2024-08-27,vs. Samsung,RP,,0.0,0.0,1,12,0,0,0,0,2,0,0,,Home,고척 스카이돔,18:30,25.5
주승우,2024,Kiwoom,2024-08-25,vs. LG,RP,W,0.0,0.0,1 ⅓,12,0,0,0,0,2,0,0,,Home,고척 스카이돔,14:00,25.5
주승우,2024,Kiwoom,2024-08-23,vs. LG,RP,,0.0,3.0,1,21,0,0,2,0,1,1,0,,Home,고척 스카이돔,18:30,25.5
주승우,2024,Kiwoom,2024-08-20,@ KT,RP,SV,0.0,2.0,1,19,0,0,1,0,1,1,0,,Away,수원 KT 위즈파크,18:30,33.8
주승우,2024,Kiwoom,2024-08-17,@ Lotte,RP,SV,0.0,2.25,1 ⅓,18,0,0,1,0,0,2,0,,Away,사직 야구장,18:00,31.5
주승우,2024,Kiwoom,2024-08-14,vs. Kia,RP,W,0.0,0.0,1,8,0,0,0,0,0,0,0,,Home,고척 스카이돔,18:30,25.5
주승우,2024,Kiwoom,2024-08-11,@ Hanwha,RP,,9.0,2.0,1,19,1,1,1,0,0,1,0,,Away,대전 한화생명 볼파크,17:00,33.5
주승우,2024,Kiwoom,2024-08-10,@ Hanwha,RP,SV,0.0,0.75,1 ⅓,18,0,0,0,0,1,1,0,,Away,대전 한화생명 볼파크,18:00,31.0
주승우,2024,Kiwoom,2024-08-08,vs. SSG,RP,SV,0.0,1.0,1,10,0,0,0,0,1,1,0,,Home,고척 스카이돔,18:30,25.5
주승우,2024,Kiwoom,2024-08-02,@ Doosan,RP,SV,0.0,1.0,1,20,0,0,1,0,1,0,0,,Away,잠실 야구장,18:30,33.3
주승우,2024,Kiwoom,2024-08-01,vs. NC,RP,,0.0,0.0,1,12,0,0,0,0,3,0,0,,Home,고척 스카이돔,18:30,25.5
주승우,2024,Kiwoom,2024-07-30,vs. NC,RP,,0.0,0.0,1,10,0,0,0,0,2,0,0,,Home,고척 스카이돔,18:30,25.5
주승우,2024,Kiwoom,2024-07-27,vs. Kia,RP,W,27.0,3.0,1,21,3,3,3,0,1,0,0,,Home,고척 스카이돔,18:00,25.5
주승우,2024,Kiwoom,2024-07-26,vs. Kia,RP,SV,0.0,2.0,1,14,0,0,2,0,2,0,0,,Home,고척 스카이돔,18:30,25.5
주승우,2024,Kiwoom,2024-07-25,@ Doosan,RP,,0.0,0.0,1,9,0,0,0,0,0,0,0,,Away,잠실 야구장,18:30,32.9
주승우,2024,Kiwoom,2024-07-21,@ SSG,RP,,0.0,1.0,1,9,0,0,1,0,0,0,0,,Away,인천 SSG 랜더스필드,17:00,30.7
주승우,2024,Kiwoom,2024-07-18,vs. KT,RP,,0.0,3.0,0 ⅔,19,0,0,1,0,0,1,1,,Home,고척 스카이돔,18:30,25.5
주승우,2024,Kiwoom,2024-07-16,vs. KT,RP,,0.0,3.0,1,10,0,0,1,0,0,2,0,,Home,고척 스카이돔,18:30,25.5
주승우,2024,Kiwoom,2024-07-11,vs. Hanwha,RP,,0.0,1.0,1,10,0,0,1,0,0,0,0,,Home,고척 스카이돔,18:30,25.5
주승우,2024,Kiwoom,2024-07-10,vs. Hanwha,RP,,40.5,6.0,0 ⅔,20,3,3,3,0,1,1,1,,Home,고척 스카이돔,18:30,25.5
주승우,2024,Kiwoom,2024-07-03,vs. LG,RP,,27.0,9.0,0 ⅓,9,1,1,3,0,0,0,0,,Home,고척 스카이돔,18:30,25.5
주승우,2024,Kiwoom,2024-07-02,vs. LG,RP,W,0.0,0.0,1,11,0,0,0,0,0,0,0,,Home,고척 스카이돔,18:30,25.5
주승우,2024,Kiwoom,2024-06-27,vs. NC,RP,H,0.0,0.0,1,16,0,0,0,0,1,0,0,,Home,고척 스카이돔,18:30,25.5
주승우,2024,Kiwoom,2024-06-26,vs. NC,RP,,0.0,1.0,1,21,0,0,1,0,1,0,0,,Home,고척 스카이돔,18:30,25.5
주승우,2024,Kiwoom,2024-06-15,vs. Doosan,RP,,18.0,3.0,1,19,2,2,3,0,1,0,0,,Home,고척 스카이돔,17:00,25.5
주승우,2024,Kiwoom,2024-06-14,vs. Doosan,RP,L,18.0,4.0,1,23,2,2,3,1,1,1,1,,Home,고척 스카이돔,18:30,25.5
주승우,2024,Kiwoom,2024-06-11,@ Lotte,RP,,9.0,1.0,1,16,1,1,1,0,1,0,0,,Away,사직 야구장,18:30,24.2
주승우,2024,Kiwoom,2024-06-07,vs. Samsung,RP,SV,0.0,1.0,1,6,0,0,1,0,0,0,0,,Home,고척 스카이돔,18:30,25.5
주승우,2024,Kiwoom,2024-06-02,vs. SSG,RP,,0.0,0.0,1,11,0,0,0,0,0,0,0,,Home,고척 스카이돔,14:00,25.5
주승우,2024,Kiwoom,2024-05-28,@ Samsung,RP,SV,9.0,1.0,1,15,1,1,1,1,1,0,0,,Away,대구 삼성 라이온즈 파크,18:30,20.6
주승우,2024,Kiwoom,2024-05-23,vs. NC,RP,SV,0.0,0.0,1,16,0,0,0,0,1,0,1,,Home,고척 스카이돔,18:30,25.5
주승우,2024,Kiwoom,2024-05-22,vs. NC,RP,L,9.0,2.0,1,19,1,1,2,1,2,0,0,,Home,고척 스카이돔,18:30,25.5
주승우,2024,Kiwoom,2024-05-16,@ LG,RP,SV,0.0,2.0,1,22,0,0,0,0,0,2,0,,Away,잠실 야구장,18:30,18.8
주승우,2024,Kiwoom,2024-05-09,vs. Doosan,RP,L,81.0,12.0,0 ⅓,19,3,3,4,0,0,0,0,,Home,고척 스카이돔,18:30,25.5
주승우,2024,Kiwoom,2024-05-01,@ Lotte,RP,SV,0.0,0.0,1,15,0,0,0,0,1,0,0,,Away,사직 야구장,18:30,15.1
주승우,2024,Kiwoom,2024-04-30,@ Lotte,RP,SV,0.0,3.0,0 ⅓,7,0,0,1,0,1,0,0,,Away,사직 야구장,18:30,16.7
주승우,2024,Kiwoom,2024-04-23,vs. Kia,RP,,0.0,0.0,1,13,0,0,0,0,1,0,0,,Home,고척 스카이돔,18:30,25.5
주승우,2024,Kiwoom,2024-04-21,@ Doosan,RP,L,27.0,6.0,0 ⅔,18,2,2,3,0,0,1,0,,Away,잠실 야구장,14:00,20.7
주승우,2024,Kiwoom,2024-04-21,@ Doosan,RP,,0.0,0.0,1,9,0,0,0,0,1,0,0,,Away,잠실 야구장,14:00,20.7
주승우,2024,Kiwoom,2024-04-17,vs. KT,RP,L,54.0,6.0,0 ⅓,10,2,2,2,0,0,0,0,,Home,고척 스카이돔,18:30,25.5
주승우,2024,Kiwoom,2024-04-16,vs. KT,RP,SV,0.0,0.0,1,11,0,0,0,0,1,0,0,,Home,고척 스카이돔,18:30,25.5
주승우,2024,Kiwoom,2024-04-14,vs. Lotte,RP,,0.0,3.0,0 ⅔,13,0,0,1,0,0,1,0,,Home,고척 스카이돔,14:00,25.5
주승우,2024,Kiwoom,2024-04-12,vs. Lotte,RP,H,0.0,1.0,1,15,0,0,1,0,0,0,0,,Home,고척 스카이돔,18:30,25.5
주승우,2024,Kiwoom,2024-04-11,@ SSG,RP,H,0.0,0.0,1,9,0,0,0,0,0,0,0,,Away,인천 SSG 랜더스필드,18:30,17.0
주승우,2024,Kiwoom,2024-04-06,vs. Hanwha,RP,H,0.0,0.0,1 ⅓,23,0,0,0,0,1,0,0,,Home,고척 스카이돔,17:00,25.5
주승우,2024,Kiwoom,2024-04-05,vs. Hanwha,RP,H,0.0,0.0,1,14,0,0,0,0,3,0,0,,Home,고척 스카이돔,18:30,25.5
주승우,2024,Kiwoom,2024-03-30,vs. LG,RP,,0.0,0.0,1 ⅓,14,0,0,0,0,2,0,0,,Home,고척 스카이돔,17:00,25.5
주승우,2024,Kiwoom,2024-03-29,vs. LG,RP,,0.0,1.0,1,9,0,0,1,0,1,0,0,,Home,고척 스카이돔,18:30,25.5
주승우,2023,Kiwoom,2023-10-11,@ Kia,RP,,0.0,1.0,1,14,0,0,0,0,0,1,0,,Away,광주 기아 챔피언스 필드,18:30,21.1
주승우,2023,Kiwoom,2023-10-02,@ Doosan,RP,,4.5,2.5,2,52,1,1,2,0,1,3,0,,Away,잠실 야구장,18:30,21.3
주승우,2023,Kiwoom,2023-09-29,vs. Kia,RP,,9.0,3.0,1,26,1,1,3,0,2,0,0,,Home,고척 스카이돔,18:30,25.5
주승우,2023,Kiwoom,2023-09-10,vs. Hanwha,SP,L,16.88,2.63,2 ⅔,64,5,5,4,1,1,3,1,27.0,Home,고척 스카이돔,14:00,25.5
주승우,2023,Kiwoom,2023-09-06,@ NC,SP,,3.86,2.57,2 ⅓,59,1,1,5,0,0,1,0,42.0,Away,창원 NC 파크,18:30,28.6
주승우,2023,Kiwoom,2023-08-09,vs. Lotte,RP,,40.5,4.5,0 ⅔,27,3,3,0,0,1,3,0,,Home,고척 스카이돔,18:30,25.5
주승우,2023,Kiwoom,2023-08-06,@ NC,RP,,54.0,6.0,0 ⅔,29,4,4,1,0,0,3,1,,Away,창원 NC 파크,17:00,33.9
주승우,2023,Kiwoom,2023-08-04,@ NC,RP,,0.0,1.0,1,12,0,0,0,0,0,1,0,,Away,창원 NC 파크,18:30,33.4
주승우,2023,Kiwoom,2023-08-02,@ LG,RP,,13.5,4.5,0 ⅔,22,2,1,1,0,0,2,0,,Away,잠실 야구장,18:30,31.7
주승우,2023,Kiwoom,2023-07-30,vs. Samsung,RP,,0.0,1.0,2,29,0,0,1,0,1,1,0,,Home,고척 스카이돔,14:00,25.5
주승우,2023,Kiwoom,2023-07-29,vs. Samsung,RP,,4.5,3.0,2,48,1,1,3,0,2,3,0,,Home,고척 스카이돔,18:00,25.5
주승우,2022,Kiwoom,2022-09-20,vs. Samsung,RP,,108.0,12.0,0 ⅓,24,4,4,2,1,0,2,0,,Home,고척 스카이돔,18:30,25.5
주승우,2022,Kiwoom,2022-09-18,vs. NC,RP,,0.0,0.0,0 ⅓,6,0,0,0,0,0,0,0,,Home,고척 스카이돔,14:00,25.5
주승우,2022,Kiwoom,2022-09-07,@ Samsung,SP,,0.0,2.5,2,46,0,0,1,0,2,4,0,52.0,Away,대구 삼성 라이온즈 파크,18:30,24.9
주승우,2022,Kiwoom,2022-09-01,vs. Hanwha,RP,,0.0,4.5,0 ⅔,25,1,0,2,0,2,1,0,,Home,고척 스카이돔,18:30,25.5
박주성,2022,Kiwoom,2022-08-06,@ LG,RP,,0.0,,0,10,0,0,0,0,0,1,2,,Away,잠실 야구장,18:00,32.3
박주성,2022,Kiwoom,2022-05-18,@ NC,RP,,5.4,1.2,1 ⅔,31,1,1,2,1,1,0,0,,Away,창원 NC 파크,18:30,22.6
박주성,2022,Kiwoom,2022-05-17,@ NC,RP,,18.0,2.0,1,17,2,2,2,0,1,0,0,,Away,창원 NC 파크,18:30,21.6
박주성,2022,Kiwoom,2022-05-15,@ KT,RP,W,0.0,3.0,1,15,0,0,1,0,0,2,0,,Away,수원 KT 위즈파크,14:00,20.3
박주성,2022,Kiwoom,2022-05-11,vs. Doosan,RP,,0.0,0.0,1,6,0,0,0,0,0,0,0,,Home,고척 스카이돔,18:30,25.5
박주성,2022,Kiwoom,2022-05-10,vs. Doosan,RP,,0.0,1.5,1 ⅓,19,0,0,1,0,1,1,0,,Home,고척 스카이돔,18:30,25.5
박주성,2022,Kiwoom,2022-05-05,@ Kia,RP,,13.5,2.5,2,47,4,3,3,2,1,2,0,,Away,광주 기아 챔피언스 필드,14:00,24.6
박주성,2022,Kiwoom,2022-05-01,vs. KT,RP,,0.0,0.0,1,17,0,0,0,0,0,0,0,,Home,고척 스카이돔,14:00,25.5
박주성,2022,Kiwoom,2022-04-29,vs. KT,RP,,4.5,1.0,2,27,1,1,1,0,1,1,1,,Home,고척 스카이돔,18:30,25.5
박주성,2022,Kiwoom,2022-04-06,vs. LG,RP,L,9.0,1.0,1,15,1,1,1,1,1,0,0,,Home,고척 스카이돔,18:30,25.5
박주성,2022,Kiwoom,2022-04-02,vs. Lotte,RP,,0.0,0.0,1,12,0,0,0,0,2,0,0,,Home,고척 스카이돔,14:00,25.5
박주성,2021,Kiwoom,2021-10-26,@ Doosan,RP,,0.0,0.0,1,15,0,0,0,0,2,0,0,,Away,잠실 야구장,18:30,15.6
박주성,2021,Kiwoom,2021-10-17,@ Samsung,RP,,0.0,1.0,1,12,0,0,0,0,0,1,0,,Away,대구 삼성 라이온즈 파크,14:00,15.9
박주성,2021,Kiwoom,2021-10-14,vs. NC,RP,,0.0,1.0,1,13,0,0,0,0,1,1,0,,Home,고척 스카이돔,18:30,25.5
박주성,2021,Kiwoom,2021-10-06,vs. Samsung,RP,,0.0,1.0,1,15,0,0,1,0,0,0,0,,Home,고척 스카이돔,18:30,25.5
박주성,2021,Kiwoom,2021-10-05,vs. Samsung,RP,,0.0,2.0,1,14,0,0,2,0,0,0,0,,Home,고척 스카이돔,18:30,25.5
박주성,2021,Kiwoom,2021-10-02,vs. LG,RP,,0.0,2.0,1,16,1,0,1,0,0,1,0,,Home,고척 스카이돔,17:00,25.5
박주성,2021,Kiwoom,2021-10-01,@ Kia,RP,,0.0,1.0,1,11,0,0,1,0,0,0,0,,Away,광주 기아 챔피언스 필드,18:30,25.5
박주성,2021,Kiwoom,2021-09-26,vs. Lotte,RP,,0.0,1.5,2,29,0,0,1,0,2,2,0,,Home,고척 스카이돔,14:00,25.5
박주성,2021,Kiwoom,2021-09-25,vs. Lotte,RP,L,27.0,6.0,0 ⅔,21,2,2,4,0,0,0,0,,Home,고척 스카이돔,17:00,25.5
박주성,2021,Kiwoom,2021-09-19,vs. Doosan,RP,,0.0,1.0,2,31,0,0,1,0,0,1,1,,Home,고척 스카이돔,14:00,25.5
박주성,2021,Kiwoom,2021-09-16,vs. Hanwha,RP,,0.0,1.0,3,45,0,0,2,0,4,1,0,,Home,고척 스카이돔,18:30,25.5
박주성,2021,Kiwoom,2021-09-14,@ NC,RP,,0.0,3.0,1,20,0,0,3,0,1,0,0,,Away,창원 NC 파크,18:30,24.6
박주성,2021,Kiwoom,2021-04-29,vs. Doosan,RP,,27.0,3.75,2 ⅔,61,8,8,8,1,2,2,1,,Home,고척 스카이돔,18:30,25.5
박주성,2020,Kiwoom,2020-07-31,@ Samsung,RP,,0.0,,0,9,1,1,1,0,0,1,0,,Away,대구 삼성 라이온즈 파크,18:30,29.4
박주성,2020,Kiwoom,2020-07-25,vs. Lotte,RP,,0.0,3.0,1,21,0,0,1,0,1,2,0,,Home,고척 스카이돔,18:00,25.5
박주성,2020,Kiwoom,2020-07-21,@ Doosan,RP,,0.0,0.0,1,7,0,0,0,0,0,0,0,,Away,잠실 야구장,18:30,28.9
